Run,ReleaseDate,LoadDate,spots,bases,spots_with_mates,avgLength,size_MB,AssemblyName,download_path,Experiment,LibraryName,LibraryStrategy,LibrarySelection,LibrarySource,LibraryLayout,InsertSize,InsertDev,Platform,Model,SRAStudy,BioProject,Study_Pubmed_id,ProjectID,Sample,BioSample,SampleType,TaxID,ScientificName,SampleName,g1k_pop_code,source,g1k_analysis_group,Subject_ID,Sex,Disease,Tumor,Affection_Status,Analyte_Type,Histological_Type,Body_Site,CenterName,Submission,dbgap_study_accession,Consent,RunHash,ReadHash
SRR19524270,2023-05-09 03:54:16,2022-06-02 15:07:40,23904808,7219252016,23904808,302,3261,,https://sra-downloadb.be-md.ncbi.nlm.nih.gov/sos3/sra-pub-zq-24/SRR019/19524/SRR19524270/SRR19524270.lite.1,SRX15576526,10,WGS,RANDOM,GENOMIC,PAIRED,0,0,ILLUMINA,Illumina HiSeq 4000,SRP378223,PRJNA844951,,844951,SRS13279236,SAMN28842981,simple,256318,metagenome,10_2175_P2,,,,,,,no,,,,,NMBU,SRA1430985,,public,F4085C6247E101CD9D92202EE9ECB7B1,70863A60D160C587B0567209B34D1EF4
SRR19524269,2023-05-09 03:54:16,2022-06-02 15:05:35,20830380,6290774760,20830380,302,2763,,https://sra-downloadb.be-md.ncbi.nlm.nih.gov/sos1/sra-pub-zq-38/SRR019/19524/SRR19524269/SRR19524269.lite.1,SRX15576527,11,WGS,RANDOM,GENOMIC,PAIRED,0,0,ILLUMINA,Illumina HiSeq 4000,SRP378223,PRJNA844951,,844951,SRS13279239,SAMN28842982,simple,256318,metagenome,11_2175_P3,,,,,,,no,,,,,NMBU,SRA1430985,,public,D41E22C639596F8A91D8DCBBBD06F6B4,8B06E96ED32701EC46103719843D1BF9
SRR19524258,2023-05-09 03:54:16,2022-06-02 15:10:12,24957022,7537020644,24957022,302,3195,,https://sra-downloadb.be-md.ncbi.nlm.nih.gov/sos1/sra-pub-zq-38/SRR019/19524/SRR19524258/SRR19524258.lite.1,SRX15576538,12,WGS,RANDOM,GENOMIC,PAIRED,0,0,ILLUMINA,Illumina HiSeq 4000,SRP378223,PRJNA844951,,844951,SRS13279248,SAMN28842983,simple,256318,metagenome,12_2175_P4,,,,,,,no,,,,,NMBU,SRA1430985,,public,F342AA2BFCF92C9EA173073C39952DF3,EA35284D3CF1BE76CA43C5EC29A74E00
SRR19524247,2023-05-09 03:54:16,2022-06-02 15:03:41,24831966,7499253732,24831966,302,3265,,https://sra-downloadb.be-md.ncbi.nlm.nih.gov/sos8/sra-pub-zq-818/SRR019/19524/SRR19524247/SRR19524247.lite.1,SRX15576549,13,WGS,RANDOM,GENOMIC,PAIRED,0,0,ILLUMINA,Illumina HiSeq 4000,SRP378223,PRJNA844951,,844951,SRS13279258,SAMN28842984,simple,256318,metagenome,13_2179_P1,,,,,,,no,,,,,NMBU,SRA1430985,,public,B5DCBA0D1C8B99971BCBACF862A75E7D,770CF03C7EEDF9A9357F8E0D9FE7478B
SRR19524244,2023-05-09 03:54:16,2022-06-02 15:09:29,23953817,7234052734,23953817,302,3115,,https://sra-downloadb.be-md.ncbi.nlm.nih.gov/sos8/sra-pub-zq-820/SRR019/19524/SRR19524244/SRR19524244.lite.1,SRX15576552,14,WGS,RANDOM,GENOMIC,PAIRED,0,0,ILLUMINA,Illumina HiSeq 4000,SRP378223,PRJNA844951,,844951,SRS13279262,SAMN28842985,simple,256318,metagenome,14_2179_P2,,,,,,,no,,,,,NMBU,SRA1430985,,public,34E5178FEC687E59CB9993CA53CBE3F8,5CEB920B17206B0AFBD33FB4A457E8A1
SRR19524243,2023-05-09 03:54:16,2022-06-02 15:06:20,22295177,6733143454,22295177,302,2880,,https://sra-downloadb.be-md.ncbi.nlm.nih.gov/sos8/sra-pub-zq-818/SRR019/19524/SRR19524243/SRR19524243.lite.1,SRX15576553,15,WGS,RANDOM,GENOMIC,PAIRED,0,0,ILLUMINA,Illumina HiSeq 4000,SRP378223,PRJNA844951,,844951,SRS13279263,SAMN28842986,simple,256318,metagenome,15_2179_P3,,,,,,,no,,,,,NMBU,SRA1430985,,public,52F3029B9F276C9954607251FF945019,6BB9DC705CF5826D0E8C21C2EBF43087
SRR19524242,2023-05-09 03:54:16,2022-06-02 15:06:57,22200410,6704523820,22200410,302,2923,,https://sra-downloadb.be-md.ncbi.nlm.nih.gov/sos4/sra-pub-zq-3/SRR019/19524/SRR19524242/SRR19524242.lite.1,SRX15576554,16,WGS,RANDOM,GENOMIC,PAIRED,0,0,ILLUMINA,Illumina HiSeq 4000,SRP378223,PRJNA844951,,844951,SRS13279264,SAMN28842987,simple,256318,metagenome,16_2179_P4,,,,,,,no,,,,,NMBU,SRA1430985,,public,A2709A502AFF116F610FABB8AC488B8A,6A8C0C5CAB0B5EE6E1FDF06953D7D3EB
SRR19524241,2023-05-09 03:54:16,2022-06-02 15:03:26,20322966,6137535732,20322966,302,2620,,https://sra-downloadb.be-md.ncbi.nlm.nih.gov/sos8/sra-pub-zq-818/SRR019/19524/SRR19524241/SRR19524241.lite.1,SRX15576555,17,WGS,RANDOM,GENOMIC,PAIRED,0,0,ILLUMINA,Illumina HiSeq 4000,SRP378223,PRJNA844951,,844951,SRS13279265,SAMN28842988,simple,256318,metagenome,17_13035_P1,,,,,,,no,,,,,NMBU,SRA1430985,,public,131E6A5F87500A6C52BF4F0E174ED28E,6D436B891302305191A92D5F3E1EA071
SRR19524240,2023-05-09 03:54:16,2022-06-02 15:05:10,21399405,6462620310,21399405,302,2764,,https://sra-downloadb.be-md.ncbi.nlm.nih.gov/sos1/sra-pub-zq-38/SRR019/19524/SRR19524240/SRR19524240.lite.1,SRX15576556,18,WGS,RANDOM,GENOMIC,PAIRED,0,0,ILLUMINA,Illumina HiSeq 4000,SRP378223,PRJNA844951,,844951,SRS13279266,SAMN28842989,simple,256318,metagenome,18_13035_P2,,,,,,,no,,,,,NMBU,SRA1430985,,public,A5434A0BD9064D1165706DCB37E98F88,3A3C1AEA98C18322555375AA5DFCA206
SRR19524239,2023-05-09 03:54:16,2022-06-02 15:01:46,17531286,5294448372,17531286,302,2359,,https://sra-downloadb.be-md.ncbi.nlm.nih.gov/sos8/sra-pub-zq-820/SRR019/19524/SRR19524239/SRR19524239.lite.1,SRX15576557,19,WGS,RANDOM,GENOMIC,PAIRED,0,0,ILLUMINA,Illumina HiSeq 4000,SRP378223,PRJNA844951,,844951,SRS13279267,SAMN28842990,simple,256318,metagenome,19_13035_P3,,,,,,,no,,,,,NMBU,SRA1430985,,public,3B57CB7F59B773CD8716F104B0A3A622,64EFEB3A8C2C056C086172BF2F9EC0F7
SRR19524268,2023-05-09 03:54:16,2022-06-02 15:02:14,18184542,5491731684,18184542,302,2368,,https://sra-downloadb.be-md.ncbi.nlm.nih.gov/sos8/sra-pub-zq-818/SRR019/19524/SRR19524268/SRR19524268.lite.1,SRX15576528,1,WGS,RANDOM,GENOMIC,PAIRED,0,0,ILLUMINA,Illumina HiSeq 4000,SRP378223,PRJNA844951,,844951,SRS13279237,SAMN28842991,simple,256318,metagenome,1_1612_P1,,,,,,,no,,,,,NMBU,SRA1430985,,public,4F9A82388F041E7BCC2E45775922195A,ECCFAEE65CF580D31611A1B1BACE0A8B
SRR19524267,2023-05-09 03:54:16,2022-06-02 15:02:20,21357961,6450104222,21357961,302,2720,,https://sra-downloadb.be-md.ncbi.nlm.nih.gov/sos1/sra-pub-zq-38/SRR019/19524/SRR19524267/SRR19524267.lite.1,SRX15576529,20,WGS,RANDOM,GENOMIC,PAIRED,0,0,ILLUMINA,Illumina HiSeq 4000,SRP378223,PRJNA844951,,844951,SRS13279238,SAMN28842992,simple,256318,metagenome,20_13035_P4,,,,,,,no,,,,,NMBU,SRA1430985,,public,66BFA7420517FA0923006227F77B19D0,849B31AE0DAA35D03870EED5E2232086
SRR19524266,2023-05-09 03:54:16,2022-06-02 15:06:12,18078864,5459816928,18078864,302,2312,,https://sra-downloadb.be-md.ncbi.nlm.nih.gov/sos1/sra-pub-zq-38/SRR019/19524/SRR19524266/SRR19524266.lite.1,SRX15576530,21,WGS,RANDOM,GENOMIC,PAIRED,0,0,ILLUMINA,Illumina HiSeq 4000,SRP378223,PRJNA844951,,844951,SRS13279240,SAMN28842993,simple,256318,metagenome,21_14100_P1,,,,,,,no,,,,,NMBU,SRA1430985,,public,83DC1B1CBBAF7597C393DEFB20E283EF,B906BB84D935CD29956473E036A4AC7D
SRR19524265,2023-05-09 03:54:16,2022-06-02 15:06:16,20048349,6054601398,20048349,302,2617,,https://sra-downloadb.be-md.ncbi.nlm.nih.gov/sos8/sra-pub-zq-818/SRR019/19524/SRR19524265/SRR19524265.lite.1,SRX15576531,22,WGS,RANDOM,GENOMIC,PAIRED,0,0,ILLUMINA,Illumina HiSeq 4000,SRP378223,PRJNA844951,,844951,SRS13279241,SAMN28842994,simple,256318,metagenome,22_14100_P2,,,,,,,no,,,,,NMBU,SRA1430985,,public,2C04B03C820B7F6670A0DBF31429D5B0,6078B62786969342FEFB9014783AE75F
SRR19524264,2023-05-09 03:54:16,2022-06-02 15:14:02,23957593,7235193086,23957593,302,3097,,https://sra-downloadb.be-md.ncbi.nlm.nih.gov/sos3/sra-pub-zq-24/SRR019/19524/SRR19524264/SRR19524264.lite.1,SRX15576532,23,WGS,RANDOM,GENOMIC,PAIRED,0,0,ILLUMINA,Illumina HiSeq 4000,SRP378223,PRJNA844951,,844951,SRS13279242,SAMN28842995,simple,256318,metagenome,23_14100_P3,,,,,,,no,,,,,NMBU,SRA1430985,,public,4339AF17DB6A0713F1E3F86507929525,A9BCFAB1CF1CB5688FF6F016B087A03D
SRR19524263,2023-05-09 03:54:16,2022-06-02 15:08:01,22217982,6709830564,22217982,302,2875,,https://sra-downloadb.be-md.ncbi.nlm.nih.gov/sos8/sra-pub-zq-818/SRR019/19524/SRR19524263/SRR19524263.lite.1,SRX15576533,24,WGS,RANDOM,GENOMIC,PAIRED,0,0,ILLUMINA,Illumina HiSeq 4000,SRP378223,PRJNA844951,,844951,SRS13279243,SAMN28842996,simple,256318,metagenome,24_14100_P4,,,,,,,no,,,,,NMBU,SRA1430985,,public,C664728393E1582877646E865DF675F0,9C691E88737204429DC60FCE8402AEC6
SRR19524262,2023-05-09 03:54:16,2022-06-02 15:03:24,21856894,6600781988,21856894,302,2794,,https://sra-downloadb.be-md.ncbi.nlm.nih.gov/sos8/sra-pub-zq-818/SRR019/19524/SRR19524262/SRR19524262.lite.1,SRX15576534,25,WGS,RANDOM,GENOMIC,PAIRED,0,0,ILLUMINA,Illumina HiSeq 4000,SRP378223,PRJNA844951,,844951,SRS13279244,SAMN28842997,simple,256318,metagenome,25_14188_P1,,,,,,,no,,,,,NMBU,SRA1430985,,public,F5B6801F70868A7A2A4C08A83B22D9FB,9EA26657B0E0ED900ECFBE66BDA45D76
SRR19524261,2023-05-09 03:54:16,2022-06-02 15:01:39,18970753,5729167406,18970753,302,2455,,https://sra-downloadb.be-md.ncbi.nlm.nih.gov/sos8/sra-pub-zq-818/SRR019/19524/SRR19524261/SRR19524261.lite.1,SRX15576535,26,WGS,RANDOM,GENOMIC,PAIRED,0,0,ILLUMINA,Illumina HiSeq 4000,SRP378223,PRJNA844951,,844951,SRS13279245,SAMN28842998,simple,256318,metagenome,26_14188_P2,,,,,,,no,,,,,NMBU,SRA1430985,,public,199E8F09BF0C810F78679931C6AB76A8,FC110AD627FE86662760E7EDE5CA2259
SRR19524260,2023-05-09 03:54:16,2022-06-02 15:08:10,24754610,7475892220,24754610,302,3160,,https://sra-downloadb.be-md.ncbi.nlm.nih.gov/sos8/sra-pub-zq-820/SRR019/19524/SRR19524260/SRR19524260.lite.1,SRX15576536,27,WGS,RANDOM,GENOMIC,PAIRED,0,0,ILLUMINA,Illumina HiSeq 4000,SRP378223,PRJNA844951,,844951,SRS13279246,SAMN28842999,simple,256318,metagenome,27_14188_P3,,,,,,,no,,,,,NMBU,SRA1430985,,public,48BFDE8A35E75A76B2F7BFEDAE826458,734508807C7392EB24C1B1114714E8D4
SRR19524259,2023-05-09 03:54:16,2022-06-02 15:11:22,24811033,7492931966,24811033,302,3261,,https://sra-downloadb.be-md.ncbi.nlm.nih.gov/sos8/sra-pub-zq-818/SRR019/19524/SRR19524259/SRR19524259.lite.1,SRX15576537,28,WGS,RANDOM,GENOMIC,PAIRED,0,0,ILLUMINA,Illumina HiSeq 4000,SRP378223,PRJNA844951,,844951,SRS13279247,SAMN28843000,simple,256318,metagenome,28_14188_P4,,,,,,,no,,,,,NMBU,SRA1430985,,public,4D77BCD2C107D751AFDEA2A1FA93BEA3,6814627B76F56B4B559B1C8DF9C0BDD1
SRR19524257,2023-05-09 03:54:16,2022-06-02 15:03:27,23135962,6987060524,23135962,302,3007,,https://sra-downloadb.be-md.ncbi.nlm.nih.gov/sos8/sra-pub-zq-818/SRR019/19524/SRR19524257/SRR19524257.lite.1,SRX15576539,29,WGS,RANDOM,GENOMIC,PAIRED,0,0,ILLUMINA,Illumina HiSeq 4000,SRP378223,PRJNA844951,,844951,SRS13279249,SAMN28843001,simple,256318,metagenome,29_14201_P1,,,,,,,no,,,,,NMBU,SRA1430985,,public,8B6D99DEF2ECEE68302EE0B6C6EA799B,74E7614F4CE60A7F1D8ACC678B34DB99
SRR19524256,2023-05-09 03:54:16,2022-06-02 15:07:51,24033328,7258065056,24033328,302,3124,,https://sra-downloadb.be-md.ncbi.nlm.nih.gov/sos8/sra-pub-zq-820/SRR019/19524/SRR19524256/SRR19524256.lite.1,SRX15576540,2,WGS,RANDOM,GENOMIC,PAIRED,0,0,ILLUMINA,Illumina HiSeq 4000,SRP378223,PRJNA844951,,844951,SRS13279250,SAMN28843002,simple,256318,metagenome,2_1612_P2,,,,,,,no,,,,,NMBU,SRA1430985,,public,1CD3595449E5DA63C737BA1A466865C8,762E115D9422E973ED58C10094261386
SRR19524255,2023-05-09 03:54:16,2022-06-02 15:07:32,20477812,6184299224,20477812,302,2618,,https://sra-downloadb.be-md.ncbi.nlm.nih.gov/sos8/sra-pub-zq-820/SRR019/19524/SRR19524255/SRR19524255.lite.1,SRX15576541,30,WGS,RANDOM,GENOMIC,PAIRED,0,0,ILLUMINA,Illumina HiSeq 4000,SRP378223,PRJNA844951,,844951,SRS13279251,SAMN28843003,simple,256318,metagenome,30_14201_P2,,,,,,,no,,,,,NMBU,SRA1430985,,public,5749DCE1EB22DE67D55F69BBB1327CFA,D8DEB6635CE5BA476D80525AE8811E29
SRR19524254,2023-05-09 03:54:16,2022-06-02 15:04:15,22690478,6852524356,22690478,302,2909,,https://sra-downloadb.be-md.ncbi.nlm.nih.gov/sos1/sra-pub-zq-38/SRR019/19524/SRR19524254/SRR19524254.lite.1,SRX15576542,31,WGS,RANDOM,GENOMIC,PAIRED,0,0,ILLUMINA,Illumina HiSeq 4000,SRP378223,PRJNA844951,,844951,SRS13279252,SAMN28843004,simple,256318,metagenome,31_14201_P3,,,,,,,no,,,,,NMBU,SRA1430985,,public,94886760A7EA5667CEDF4963E35C6E8B,C44CFE5FD86C355642C0D0F3D21A99BA
SRR19524253,2023-05-09 03:54:16,2022-06-02 15:07:38,18684174,5642620548,18684174,302,2394,,https://sra-downloadb.be-md.ncbi.nlm.nih.gov/sos8/sra-pub-zq-818/SRR019/19524/SRR19524253/SRR19524253.lite.1,SRX15576543,32,WGS,RANDOM,GENOMIC,PAIRED,0,0,ILLUMINA,Illumina HiSeq 4000,SRP378223,PRJNA844951,,844951,SRS13279253,SAMN28843005,simple,256318,metagenome,32_14201_P4,,,,,,,no,,,,,NMBU,SRA1430985,,public,FF2410B431572F0FE3556CCB0920FC75,F4C5DEF2FEA173A5FB55F4AC477CD01B
SRR19524252,2023-05-09 03:54:16,2022-06-02 15:09:22,27110810,8187464620,27110810,302,3519,,https://sra-downloadb.be-md.ncbi.nlm.nih.gov/sos1/sra-pub-zq-38/SRR019/19524/SRR19524252/SRR19524252.lite.1,SRX15576544,3,WGS,RANDOM,GENOMIC,PAIRED,0,0,ILLUMINA,Illumina HiSeq 4000,SRP378223,PRJNA844951,,844951,SRS13279255,SAMN28843006,simple,256318,metagenome,3_1612_P3,,,,,,,no,,,,,NMBU,SRA1430985,,public,72E96E137DB53B48950E211A399DFC59,9382E2F0522D9899316458294A9F7DE2
SRR19524251,2023-05-09 03:54:16,2022-06-02 15:10:19,21263330,6421525660,21263330,302,2757,,https://sra-downloadb.be-md.ncbi.nlm.nih.gov/sos1/sra-pub-zq-38/SRR019/19524/SRR19524251/SRR19524251.lite.1,SRX15576545,4,WGS,RANDOM,GENOMIC,PAIRED,0,0,ILLUMINA,Illumina HiSeq 4000,SRP378223,PRJNA844951,,844951,SRS13279254,SAMN28843007,simple,256318,metagenome,4_1612_P4,,,,,,,no,,,,,NMBU,SRA1430985,,public,26C9A19169F0889A43740AE24343EB6B,1A9C7CA47FDD2DBD420AE5BD90D3A5F6
SRR19524250,2023-05-09 03:54:16,2022-06-02 15:15:38,26229903,7921430706,26229903,302,3364,,https://sra-downloadb.be-md.ncbi.nlm.nih.gov/sos3/sra-pub-zq-24/SRR019/19524/SRR19524250/SRR19524250.lite.1,SRX15576546,5,WGS,RANDOM,GENOMIC,PAIRED,0,0,ILLUMINA,Illumina HiSeq 4000,SRP378223,PRJNA844951,,844951,SRS13279256,SAMN28843008,simple,256318,metagenome,5_2046_P1,,,,,,,no,,,,,NMBU,SRA1430985,,public,2B290B4D28474345D100CD243850EB3B,690594B5358A20976F0196AE661AC609
SRR19524249,2023-05-09 03:54:16,2022-06-02 15:09:19,24142104,7290915408,24142104,302,3152,,https://sra-downloadb.be-md.ncbi.nlm.nih.gov/sos1/sra-pub-zq-38/SRR019/19524/SRR19524249/SRR19524249.lite.1,SRX15576547,6,WGS,RANDOM,GENOMIC,PAIRED,0,0,ILLUMINA,Illumina HiSeq 4000,SRP378223,PRJNA844951,,844951,SRS13279257,SAMN28843009,simple,256318,metagenome,6_2046_P2,,,,,,,no,,,,,NMBU,SRA1430985,,public,0DD39442DC011D8E8BB59B939FF1458A,D959E91CDA350D5F93A9239E8B0122F7
SRR19524248,2023-05-09 03:54:16,2022-06-02 15:03:05,21497030,6492103060,21497030,302,2862,,https://sra-downloadb.be-md.ncbi.nlm.nih.gov/sos8/sra-pub-zq-820/SRR019/19524/SRR19524248/SRR19524248.lite.1,SRX15576548,7,WGS,RANDOM,GENOMIC,PAIRED,0,0,ILLUMINA,Illumina HiSeq 4000,SRP378223,PRJNA844951,,844951,SRS13279259,SAMN28843010,simple,256318,metagenome,7_2046_P3,,,,,,,no,,,,,NMBU,SRA1430985,,public,ACD00AC96470706831EDF254A5277203,942661CDC7ABD0AC82555ED01592D439
SRR19524246,2023-05-09 03:54:16,2022-06-02 15:04:14,20787630,6277864260,20787630,302,2702,,https://sra-downloadb.be-md.ncbi.nlm.nih.gov/sos3/sra-pub-zq-24/SRR019/19524/SRR19524246/SRR19524246.lite.1,SRX15576550,8,WGS,RANDOM,GENOMIC,PAIRED,0,0,ILLUMINA,Illumina HiSeq 4000,SRP378223,PRJNA844951,,844951,SRS13279260,SAMN28843011,simple,256318,metagenome,8_2046_P4,,,,,,,no,,,,,NMBU,SRA1430985,,public,861502FA8B7E893FF6BE6EA075053621,A46376A8C980B7AFB3045A2CF00393C8
SRR19524245,2023-05-09 03:54:16,2022-06-02 15:10:47,23918768,7223467936,23918768,302,3113,,https://sra-downloadb.be-md.ncbi.nlm.nih.gov/sos3/sra-pub-zq-22/SRR019/19524/SRR19524245/SRR19524245.lite.1,SRX15576551,9,WGS,RANDOM,GENOMIC,PAIRED,0,0,ILLUMINA,Illumina HiSeq 4000,SRP378223,PRJNA844951,,844951,SRS13279261,SAMN28843012,simple,256318,metagenome,9_2175_P1,,,,,,,no,,,,,NMBU,SRA1430985,,public,601EC4664D93E0E05CD3A6EE5F04AC64,4D3683E7151D034CEC089784CF95E5EA
