whole_path,taxid,name_clean,command
 AcerumDSM5522_FD/Assembly/QC_and_Genome_Assembly/submission.assembly.fasta,1120918,AcerumDSM5522,"seqfu cat --append ""|kraken:taxid|1120918""  AcerumDSM5522_FD/Assembly/QC_and_Genome_Assembly/submission.assembly.fasta > N_AcerumDSM5522.fasta"
 AciferpGA4_FD/Assembly/QC_and_Genome_Assembly/assembly.fasta,905,AciferpGA4,"seqfu cat --append ""|kraken:taxid|905""  AciferpGA4_FD/Assembly/QC_and_Genome_Assembly/assembly.fasta > N_AciferpGA4.fasta"
 AciferWCC6_FD/Assembly/QC_and_Genome_Assembly/submission.assembly.fasta,905,AciferWCC6,"seqfu cat --append ""|kraken:taxid|905""  AciferWCC6_FD/Assembly/QC_and_Genome_Assembly/submission.assembly.fasta > N_AciferWCC6.fasta"
 AcispDSM11652_FD/Assembly/QC_and_Genome_Assembly/submission.assembly.fasta,346222,AcispDSM11652,"seqfu cat --append ""|kraken:taxid|346222""  AcispDSM11652_FD/Assembly/QC_and_Genome_Assembly/submission.assembly.fasta > N_AcispDSM11652.fasta"
 ActdenPA_FD/Assembly/QC_and_Genome_Assembly/submission.assembly.fasta,52767,ActdenPA,"seqfu cat --append ""|kraken:taxid|52767""  ActdenPA_FD/Assembly/QC_and_Genome_Assembly/submission.assembly.fasta > N_ActdenPA.fasta"
 ActnasKPR1_FD/Assembly/QC_and_Genome_Assembly/assembly.fasta,208480,ActnasKPR1,"seqfu cat --append ""|kraken:taxid|208480""  ActnasKPR1_FD/Assembly/QC_and_Genome_Assembly/assembly.fasta > N_ActnasKPR1.fasta"
 ActrumDSM27982_FD/Assembly/QC_and_Genome_Assembly/submission.assembly.fasta,332524,ActrumDSM27982,"seqfu cat --append ""|kraken:taxid|332524""  ActrumDSM27982_FD/Assembly/QC_and_Genome_Assembly/submission.assembly.fasta > N_ActrumDSM27982.fasta"
 ActrumKPR7B_FD/Assembly/QC_and_Genome_Assembly/submission.assembly.fasta,332524,ActrumKPR7B,"seqfu cat --append ""|kraken:taxid|332524""  ActrumKPR7B_FD/Assembly/QC_and_Genome_Assembly/submission.assembly.fasta > N_ActrumKPR7B.fasta"
 AllhisDSM15230_FD/Assembly/QC_and_Genome_Assembly/assembly.fasta,209880,AllhisDSM15230,"seqfu cat --append ""|kraken:taxid|209880""  AllhisDSM15230_FD/Assembly/QC_and_Genome_Assembly/assembly.fasta > N_AllhisDSM15230.fasta"
 AnalipLB2005_FD/Assembly/QC_and_Genome_Assembly/submission.assembly.fasta,1408423,AnalipLB2005,"seqfu cat --append ""|kraken:taxid|1408423""  AnalipLB2005_FD/Assembly/QC_and_Genome_Assembly/submission.assembly.fasta > N_AnalipLB2005.fasta"
 AnaspRM50_FD/Assembly/QC_and_Genome_Assembly/submission.assembly.fasta,1200557,AnaspRM50,"seqfu cat --append ""|kraken:taxid|1200557""  AnaspRM50_FD/Assembly/QC_and_Genome_Assembly/submission.assembly.fasta > N_AnaspRM50.fasta"
 BaccerKPR7A_FD/Assembly/QC_and_Genome_Assembly/submission.assembly.fasta,1396,BaccerKPR7A,"seqfu cat --append ""|kraken:taxid|1396""  BaccerKPR7A_FD/Assembly/QC_and_Genome_Assembly/submission.assembly.fasta > N_BaccerKPR7A.fasta"
 BaclicVTM3R78_FD/Assembly/QC_and_Genome_Assembly/submission.assembly.fasta,1402,BaclicVTM3R78,"seqfu cat --append ""|kraken:taxid|1402""  BaclicVTM3R78_FD/Assembly/QC_and_Genome_Assembly/submission.assembly.fasta > N_BaclicVTM3R78.fasta"
 BacspMB2021_FD/Assembly/QC_and_Genome_Assembly/submission.assembly.fasta,1408303,BacspMB2021,"seqfu cat --append ""|kraken:taxid|1408303""  BacspMB2021_FD/Assembly/QC_and_Genome_Assembly/submission.assembly.fasta > N_BacspMB2021.fasta"
 BacbacKHT7_FD/Assembly/QC_and_Genome_Assembly/submission.assembly.fasta,1855373,BacbacKHT7,"seqfu cat --append ""|kraken:taxid|1855373""  BacbacKHT7_FD/Assembly/QC_and_Genome_Assembly/submission.assembly.fasta > N_BacbacKHT7.fasta"
 BacbacWCE2004_FD/Assembly/QC_and_Genome_Assembly/submission.assembly.fasta,1945890,BacbacWCE2004,"seqfu cat --append ""|kraken:taxid|1945890""  BacbacWCE2004_FD/Assembly/QC_and_Genome_Assembly/submission.assembly.fasta > N_BacbacWCE2004.fasta"
 BacbacWCE2008_FD/Assembly/QC_and_Genome_Assembly/submission.assembly.fasta,1945891,BacbacWCE2008,"seqfu cat --append ""|kraken:taxid|1945891""  BacbacWCE2008_FD/Assembly/QC_and_Genome_Assembly/submission.assembly.fasta > N_BacbacWCE2008.fasta"
 BacovaNLAEzlC57_FD/Assembly/QC_and_Genome_Assembly/submission.assembly.fasta,28116,BacovaNLAEzlC57,"seqfu cat --append ""|kraken:taxid|28116""  BacovaNLAEzlC57_FD/Assembly/QC_and_Genome_Assembly/submission.assembly.fasta > N_BacovaNLAEzlC57.fasta"
 BacovaNLAEzlC500_FD/Assembly/QC_and_Genome_Assembly/submission.assembly.fasta,28116,BacovaNLAEzlC500,"seqfu cat --append ""|kraken:taxid|28116""  BacovaNLAEzlC500_FD/Assembly/QC_and_Genome_Assembly/submission.assembly.fasta > N_BacovaNLAEzlC500.fasta"
 BacspAR20_FD/Assembly/QC_and_Genome_Assembly/assembly.fasta,93975,BacspAR20,"seqfu cat --append ""|kraken:taxid|93975""  BacspAR20_FD/Assembly/QC_and_Genome_Assembly/assembly.fasta > N_BacspAR20.fasta"
 BacspAR29_FD/Assembly/QC_and_Genome_Assembly/assembly.fasta,93974,BacspAR29,"seqfu cat --append ""|kraken:taxid|93974""  BacspAR29_FD/Assembly/QC_and_Genome_Assembly/assembly.fasta > N_BacspAR29.fasta"
 BacspGa6A1_FD/Assembly/QC_and_Genome_Assembly/submission.assembly.fasta,1410607,BacspGa6A1,"seqfu cat --append ""|kraken:taxid|1410607""  BacspGa6A1_FD/Assembly/QC_and_Genome_Assembly/submission.assembly.fasta > N_BacspGa6A1.fasta"
 BacspGa6A2_FD/Assembly/QC_and_Genome_Assembly/submission.assembly.fasta,1410608,BacspGa6A2,"seqfu cat --append ""|kraken:taxid|1410608""  BacspGa6A2_FD/Assembly/QC_and_Genome_Assembly/submission.assembly.fasta > N_BacspGa6A2.fasta"
 BactheKPPR3_FD/Assembly/QC_and_Genome_Assembly/assembly.fasta,818,BactheKPPR3,"seqfu cat --append ""|kraken:taxid|818""  BactheKPPR3_FD/Assembly/QC_and_Genome_Assembly/assembly.fasta > N_BactheKPPR3.fasta"
 BactheNLAEzlC579_FD/Assembly/QC_and_Genome_Assembly/submission.assembly.fasta,818,BactheNLAEzlC579,"seqfu cat --append ""|kraken:taxid|818""  BactheNLAEzlC579_FD/Assembly/QC_and_Genome_Assembly/submission.assembly.fasta > N_BactheNLAEzlC579.fasta"
 BacvulNLAEzlG202_FD/Assembly/QC_and_Genome_Assembly/submission.assembly.fasta,821,BacvulNLAEzlG202,"seqfu cat --append ""|kraken:taxid|821""  BacvulNLAEzlG202_FD/Assembly/QC_and_Genome_Assembly/submission.assembly.fasta > N_BacvulNLAEzlG202.fasta"
 BacxylNLAEzlC202_FD/Assembly/QC_and_Genome_Assembly/submission.assembly.fasta,371601,BacxylNLAEzlC202,"seqfu cat --append ""|kraken:taxid|371601""  BacxylNLAEzlC202_FD/Assembly/QC_and_Genome_Assembly/submission.assembly.fasta > N_BacxylNLAEzlC202.fasta"
 BacxylNLAEzlG339_FD/Assembly/QC_and_Genome_Assembly/submission.assembly.fasta,371601,BacxylNLAEzlG339,"seqfu cat --append ""|kraken:taxid|371601""  BacxylNLAEzlG339_FD/Assembly/QC_and_Genome_Assembly/submission.assembly.fasta > N_BacxylNLAEzlG339.fasta"
 BassucDSM22022_FD/Assembly/QC_and_Genome_Assembly/assembly.fasta,653940,BassucDSM22022,"seqfu cat --append ""|kraken:taxid|653940""  BassucDSM22022_FD/Assembly/QC_and_Genome_Assembly/assembly.fasta > N_BassucDSM22022.fasta"
 BassucKPR2_FD/Assembly/QC_and_Genome_Assembly/assembly.fasta,653940,BassucKPR2,"seqfu cat --append ""|kraken:taxid|653940""  BassucKPR2_FD/Assembly/QC_and_Genome_Assembly/assembly.fasta > N_BassucKPR2.fasta"
 BifadoDSM20087_FD/Assembly/QC_and_Genome_Assembly/submission.assembly.fasta,1410644,BifadoDSM20087,"seqfu cat --append ""|kraken:taxid|1410644""  BifadoDSM20087_FD/Assembly/QC_and_Genome_Assembly/submission.assembly.fasta > N_BifadoDSM20087.fasta"
 BifbifCalf96_FD/Assembly/QC_and_Genome_Assembly/submission.assembly.fasta,1681,BifbifCalf96,"seqfu cat --append ""|kraken:taxid|1681""  BifbifCalf96_FD/Assembly/QC_and_Genome_Assembly/submission.assembly.fasta > N_BifbifCalf96.fasta"
 BifbouDSM20432_FD/Assembly/QC_and_Genome_Assembly/submission.assembly.fasta,1410645,BifbouDSM20432,"seqfu cat --append ""|kraken:taxid|1410645""  BifbouDSM20432_FD/Assembly/QC_and_Genome_Assembly/submission.assembly.fasta > N_BifbouDSM20432.fasta"
 BifbreRP2_FD/Assembly/QC_and_Genome_Assembly/submission.assembly.fasta,1685,BifbreRP2,"seqfu cat --append ""|kraken:taxid|1685""  BifbreRP2_FD/Assembly/QC_and_Genome_Assembly/submission.assembly.fasta > N_BifbreRP2.fasta"
 BiflonAGR2137_FD/Assembly/QC_and_Genome_Assembly/submission.assembly.fasta,1280702,BiflonAGR2137,"seqfu cat --append ""|kraken:taxid|1280702""  BiflonAGR2137_FD/Assembly/QC_and_Genome_Assembly/submission.assembly.fasta > N_BiflonAGR2137.fasta"
 BifmerDSM6492_FD/Assembly/QC_and_Genome_Assembly/submission.assembly.fasta,1410646,BifmerDSM6492,"seqfu cat --append ""|kraken:taxid|1410646""  BifmerDSM6492_FD/Assembly/QC_and_Genome_Assembly/submission.assembly.fasta > N_BifmerDSM6492.fasta"
 BifpseAGR2145_FD/Assembly/QC_and_Genome_Assembly/submission.assembly.fasta,1280701,BifpseAGR2145,"seqfu cat --append ""|kraken:taxid|1280701""  BifpseAGR2145_FD/Assembly/QC_and_Genome_Assembly/submission.assembly.fasta > N_BifpseAGR2145.fasta"
 BifpseglDSM20092_FD/Assembly/QC_and_Genome_Assembly/submission.assembly.fasta,1410605,BifpseglDSM20092,"seqfu cat --append ""|kraken:taxid|1410605""  BifpseglDSM20092_FD/Assembly/QC_and_Genome_Assembly/submission.assembly.fasta > N_BifpseglDSM20092.fasta"
 BifrumDSM6489_FD/Assembly/QC_and_Genome_Assembly/submission.assembly.fasta,1410647,BifrumDSM6489,"seqfu cat --append ""|kraken:taxid|1410647""  BifrumDSM6489_FD/Assembly/QC_and_Genome_Assembly/submission.assembly.fasta > N_BifrumDSM6489.fasta"
 BifspAGR2158_FD/Assembly/QC_and_Genome_Assembly/submission.assembly.fasta,1280675,BifspAGR2158,"seqfu cat --append ""|kraken:taxid|1280675""  BifspAGR2158_FD/Assembly/QC_and_Genome_Assembly/submission.assembly.fasta > N_BifspAGR2158.fasta"
 BiftheDSM20212_FD/Assembly/QC_and_Genome_Assembly/submission.assembly.fasta,1410648,BiftheDSM20212,"seqfu cat --append ""|kraken:taxid|1410648""  BiftheDSM20212_FD/Assembly/QC_and_Genome_Assembly/submission.assembly.fasta > N_BiftheDSM20212.fasta"
 BlaschDSM10518_FD/Assembly/QC_and_Genome_Assembly/submission.assembly.fasta,1410649,BlaschDSM10518,"seqfu cat --append ""|kraken:taxid|1410649""  BlaschDSM10518_FD/Assembly/QC_and_Genome_Assembly/submission.assembly.fasta > N_BlaschDSM10518.fasta"
 BlautiaspSF50_FD/Assembly/QC_and_Genome_Assembly/assembly.fasta,1520805,BlautiaspSF50,"seqfu cat --append ""|kraken:taxid|1520805""  BlautiaspSF50_FD/Assembly/QC_and_Genome_Assembly/assembly.fasta > N_BlautiaspSF50.fasta"
 BlawexAGR2146_FD/Assembly/QC_and_Genome_Assembly/submission.assembly.fasta,1280691,BlawexAGR2146,"seqfu cat --append ""|kraken:taxid|1280691""  BlawexAGR2146_FD/Assembly/QC_and_Genome_Assembly/submission.assembly.fasta > N_BlawexAGR2146.fasta"
 ButfibAB2020_FD/Assembly/QC_and_Genome_Assembly/submission.assembly.fasta,1280697,ButfibAB2020,"seqfu cat --append ""|kraken:taxid|1280697""  ButfibAB2020_FD/Assembly/QC_and_Genome_Assembly/submission.assembly.fasta > N_ButfibAB2020.fasta"
 ButfibAR40_FD/Assembly/QC_and_Genome_Assembly/submission.assembly.fasta,831,ButfibAR40,"seqfu cat --append ""|kraken:taxid|831""  ButfibAR40_FD/Assembly/QC_and_Genome_Assembly/submission.assembly.fasta > N_ButfibAR40.fasta"
 ButfibFE2007_FD/Assembly/QC_and_Genome_Assembly/submission.assembly.fasta,1280700,ButfibFE2007,"seqfu cat --append ""|kraken:taxid|1280700""  ButfibFE2007_FD/Assembly/QC_and_Genome_Assembly/submission.assembly.fasta > N_ButfibFE2007.fasta"
 ButfibMD2001_FD/Assembly/QC_and_Genome_Assembly/submission.assembly.fasta,1280703,ButfibMD2001,"seqfu cat --append ""|kraken:taxid|1280703""  ButfibMD2001_FD/Assembly/QC_and_Genome_Assembly/submission.assembly.fasta > N_ButfibMD2001.fasta"
 ButfibND3005_FD/Assembly/QC_and_Genome_Assembly/submission.assembly.fasta,1280696,ButfibND3005,"seqfu cat --append ""|kraken:taxid|1280696""  ButfibND3005_FD/Assembly/QC_and_Genome_Assembly/submission.assembly.fasta > N_ButfibND3005.fasta"
 ButfibWTE3004_FD/Assembly/QC_and_Genome_Assembly/submission.assembly.fasta,1280699,ButfibWTE3004,"seqfu cat --append ""|kraken:taxid|1280699""  ButfibWTE3004_FD/Assembly/QC_and_Genome_Assembly/submission.assembly.fasta > N_ButfibWTE3004.fasta"
 ButfibYRB2005_FD/Assembly/QC_and_Genome_Assembly/submission.assembly.fasta,1280687,ButfibYRB2005,"seqfu cat --append ""|kraken:taxid|1280687""  ButfibYRB2005_FD/Assembly/QC_and_Genome_Assembly/submission.assembly.fasta > N_ButfibYRB2005.fasta"
 ButhunNK4A153_FD/Assembly/QC_and_Genome_Assembly/submission.assembly.fasta,877422,ButhunNK4A153,"seqfu cat --append ""|kraken:taxid|877422""  ButhunNK4A153_FD/Assembly/QC_and_Genome_Assembly/submission.assembly.fasta > N_ButhunNK4A153.fasta"
 ButhunXBD2006_FD/Assembly/QC_and_Genome_Assembly/assembly.fasta,185008,ButhunXBD2006,"seqfu cat --append ""|kraken:taxid|185008""  ButhunXBD2006_FD/Assembly/QC_and_Genome_Assembly/assembly.fasta > N_ButhunXBD2006.fasta"
 ButproFD2007_FD/Assembly/QC_and_Genome_Assembly/submission.assembly.fasta,1408431,ButproFD2007,"seqfu cat --append ""|kraken:taxid|1408431""  ButproFD2007_FD/Assembly/QC_and_Genome_Assembly/submission.assembly.fasta > N_ButproFD2007.fasta"
 ButproP6B7_FD/Assembly/QC_and_Genome_Assembly/submission.assembly.fasta,1410650,ButproP6B7,"seqfu cat --append ""|kraken:taxid|1410650""  ButproP6B7_FD/Assembly/QC_and_Genome_Assembly/submission.assembly.fasta > N_ButproP6B7.fasta"
 ButproP18_FD/Assembly/QC_and_Genome_Assembly/submission.assembly.fasta,43305,ButproP18,"seqfu cat --append ""|kraken:taxid|43305""  ButproP18_FD/Assembly/QC_and_Genome_Assembly/submission.assembly.fasta > N_ButproP18.fasta"
 ButspAC2005_FD/Assembly/QC_and_Genome_Assembly/submission.assembly.fasta,1280672,ButspAC2005,"seqfu cat --append ""|kraken:taxid|1280672""  ButspAC2005_FD/Assembly/QC_and_Genome_Assembly/submission.assembly.fasta > N_ButspAC2005.fasta"
 ButspAD3002_FD/Assembly/QC_and_Genome_Assembly/submission.assembly.fasta,1280670,ButspAD3002,"seqfu cat --append ""|kraken:taxid|1280670""  ButspAD3002_FD/Assembly/QC_and_Genome_Assembly/submission.assembly.fasta > N_ButspAD3002.fasta"
 ButspAE2005_FD/Assembly/QC_and_Genome_Assembly/submission.assembly.fasta,1496722,ButspAE2005,"seqfu cat --append ""|kraken:taxid|1496722""  ButspAE2005_FD/Assembly/QC_and_Genome_Assembly/submission.assembly.fasta > N_ButspAE2005.fasta"
 ButspAE2015_FD/Assembly/QC_and_Genome_Assembly/submission.assembly.fasta,1280663,ButspAE2015,"seqfu cat --append ""|kraken:taxid|1280663""  ButspAE2015_FD/Assembly/QC_and_Genome_Assembly/submission.assembly.fasta > N_ButspAE2015.fasta"
 ButspAE2032_FD/Assembly/QC_and_Genome_Assembly/final.assembly.fasta,1458463,ButspAE2032,"seqfu cat --append ""|kraken:taxid|1458463""  ButspAE2032_FD/Assembly/QC_and_Genome_Assembly/final.assembly.fasta > N_ButspAE2032.fasta"
 ButspAE3003_FD/Assembly/QC_and_Genome_Assembly/final.assembly.fasta,1496721,ButspAE3003,"seqfu cat --append ""|kraken:taxid|1496721""  ButspAE3003_FD/Assembly/QC_and_Genome_Assembly/final.assembly.fasta > N_ButspAE3003.fasta"
 ButspAE3004_FD/Assembly/QC_and_Genome_Assembly/final.assembly.fasta,1506994,ButspAE3004,"seqfu cat --append ""|kraken:taxid|1506994""  ButspAE3004_FD/Assembly/QC_and_Genome_Assembly/final.assembly.fasta > N_ButspAE3004.fasta"
 ButspAE3006_FD/Assembly/QC_and_Genome_Assembly/submission.assembly.fasta,1280673,ButspAE3006,"seqfu cat --append ""|kraken:taxid|1280673""  ButspAE3006_FD/Assembly/QC_and_Genome_Assembly/submission.assembly.fasta > N_ButspAE3006.fasta"
 ButspAE3009_FD/Assembly/QC_and_Genome_Assembly/submission.assembly.fasta,1280666,ButspAE3009,"seqfu cat --append ""|kraken:taxid|1280666""  ButspAE3009_FD/Assembly/QC_and_Genome_Assembly/submission.assembly.fasta > N_ButspAE3009.fasta"
 ButspFC2001_FD/Assembly/QC_and_Genome_Assembly/submission.assembly.fasta,1280671,ButspFC2001,"seqfu cat --append ""|kraken:taxid|1280671""  ButspFC2001_FD/Assembly/QC_and_Genome_Assembly/submission.assembly.fasta > N_ButspFC2001.fasta"
 ButspFCS006_FD/Assembly/QC_and_Genome_Assembly/submission.assembly.fasta,1280684,ButspFCS006,"seqfu cat --append ""|kraken:taxid|1280684""  ButspFCS006_FD/Assembly/QC_and_Genome_Assembly/submission.assembly.fasta > N_ButspFCS006.fasta"
 ButspFCS014_FD/Assembly/QC_and_Genome_Assembly/finalContigs.fasta,1408304,ButspFCS014,"seqfu cat --append ""|kraken:taxid|1408304""  ButspFCS014_FD/Assembly/QC_and_Genome_Assembly/finalContigs.fasta > N_ButspFCS014.fasta"
 ButspINlla14_FD/Assembly/QC_and_Genome_Assembly/assembly.fasta,1520808,ButspINlla14,"seqfu cat --append ""|kraken:taxid|1520808""  ButspINlla14_FD/Assembly/QC_and_Genome_Assembly/assembly.fasta > N_ButspINlla14.fasta"
 ButspINlla16_FD/Assembly/QC_and_Genome_Assembly/assembly.fasta,1520807,ButspINlla16,"seqfu cat --append ""|kraken:taxid|1520807""  ButspINlla16_FD/Assembly/QC_and_Genome_Assembly/assembly.fasta > N_ButspINlla16.fasta"
 ButspINlla18_FD/Assembly/QC_and_Genome_Assembly/assembly.fasta,1520806,ButspINlla18,"seqfu cat --append ""|kraken:taxid|1520806""  ButspINlla18_FD/Assembly/QC_and_Genome_Assembly/assembly.fasta > N_ButspINlla18.fasta"
 ButspINlla21_FD/Assembly/QC_and_Genome_Assembly/assembly.fasta,1520811,ButspINlla21,"seqfu cat --append ""|kraken:taxid|1520811""  ButspINlla21_FD/Assembly/QC_and_Genome_Assembly/assembly.fasta > N_ButspINlla21.fasta"
 ButspLB2008_FD/Assembly/QC_and_Genome_Assembly/submission.assembly.fasta,1408305,ButspLB2008,"seqfu cat --append ""|kraken:taxid|1408305""  ButspLB2008_FD/Assembly/QC_and_Genome_Assembly/submission.assembly.fasta > N_ButspLB2008.fasta"
 ButspLC3010_FD/Assembly/QC_and_Genome_Assembly/submission.assembly.fasta,1280680,ButspLC3010,"seqfu cat --append ""|kraken:taxid|1280680""  ButspLC3010_FD/Assembly/QC_and_Genome_Assembly/submission.assembly.fasta > N_ButspLC3010.fasta"
 ButspM55_FD/Assembly/QC_and_Genome_Assembly/submission.assembly.fasta,1855323,ButspM55,"seqfu cat --append ""|kraken:taxid|1855323""  ButspM55_FD/Assembly/QC_and_Genome_Assembly/submission.assembly.fasta > N_ButspM55.fasta"
 ButspMB2005_FD/Assembly/QC_and_Genome_Assembly/submission.assembly.fasta,1280678,ButspMB2005,"seqfu cat --append ""|kraken:taxid|1280678""  ButspMB2005_FD/Assembly/QC_and_Genome_Assembly/submission.assembly.fasta > N_ButspMB2005.fasta"
 ButspMC2013_FD/Assembly/QC_and_Genome_Assembly/submission.assembly.fasta,1280686,ButspMC2013,"seqfu cat --append ""|kraken:taxid|1280686""  ButspMC2013_FD/Assembly/QC_and_Genome_Assembly/submission.assembly.fasta > N_ButspMC2013.fasta"
 ButspMC2021_FD/Assembly/QC_and_Genome_Assembly/submission.assembly.fasta,1408306,ButspMC2021,"seqfu cat --append ""|kraken:taxid|1408306""  ButspMC2021_FD/Assembly/QC_and_Genome_Assembly/submission.assembly.fasta > N_ButspMC2021.fasta"
 ButspNC2002_FD/Assembly/QC_and_Genome_Assembly/submission.assembly.fasta,1410610,ButspNC2002,"seqfu cat --append ""|kraken:taxid|1410610""  ButspNC2002_FD/Assembly/QC_and_Genome_Assembly/submission.assembly.fasta > N_ButspNC2002.fasta"
 ButspNC2007_FD/Assembly/QC_and_Genome_Assembly/submission.assembly.fasta,1280683,ButspNC2007,"seqfu cat --append ""|kraken:taxid|1280683""  ButspNC2007_FD/Assembly/QC_and_Genome_Assembly/submission.assembly.fasta > N_ButspNC2007.fasta"
 ButspNC3005_FD/Assembly/QC_and_Genome_Assembly/submission.assembly.fasta,1280685,ButspNC3005,"seqfu cat --append ""|kraken:taxid|1280685""  ButspNC3005_FD/Assembly/QC_and_Genome_Assembly/submission.assembly.fasta > N_ButspNC3005.fasta"
 ButspOB235_FD/Assembly/QC_and_Genome_Assembly/submission.assembly.fasta,1761780,ButspOB235,"seqfu cat --append ""|kraken:taxid|1761780""  ButspOB235_FD/Assembly/QC_and_Genome_Assembly/submission.assembly.fasta > N_ButspOB235.fasta"
 ButspSu6_FD/Assembly/QC_and_Genome_Assembly/assembly.fasta,1520810,ButspSu6,"seqfu cat --append ""|kraken:taxid|1520810""  ButspSu6_FD/Assembly/QC_and_Genome_Assembly/assembly.fasta > N_ButspSu6.fasta"
 ButspTB_FD/Assembly/QC_and_Genome_Assembly/assembly.fasta,1520809,ButspTB,"seqfu cat --append ""|kraken:taxid|1520809""  ButspTB_FD/Assembly/QC_and_Genome_Assembly/assembly.fasta > N_ButspTB.fasta"
 ButspVCB2001_FD/Assembly/QC_and_Genome_Assembly/submission.assembly.fasta,1280667,ButspVCB2001,"seqfu cat --append ""|kraken:taxid|1280667""  ButspVCB2001_FD/Assembly/QC_and_Genome_Assembly/submission.assembly.fasta > N_ButspVCB2001.fasta"
 ButspVCB2006_FD/Assembly/QC_and_Genome_Assembly/submission.assembly.fasta,1280679,ButspVCB2006,"seqfu cat --append ""|kraken:taxid|1280679""  ButspVCB2006_FD/Assembly/QC_and_Genome_Assembly/submission.assembly.fasta > N_ButspVCB2006.fasta"
 ButspVCD2006_FD/Assembly/QC_and_Genome_Assembly/submission.assembly.fasta,1280664,ButspVCD2006,"seqfu cat --append ""|kraken:taxid|1280664""  ButspVCD2006_FD/Assembly/QC_and_Genome_Assembly/submission.assembly.fasta > N_ButspVCD2006.fasta"
 ButspWCD2001_FD/Assembly/QC_and_Genome_Assembly/submission.assembly.fasta,1280681,ButspWCD2001,"seqfu cat --append ""|kraken:taxid|1280681""  ButspWCD2001_FD/Assembly/QC_and_Genome_Assembly/submission.assembly.fasta > N_ButspWCD2001.fasta"
 ButspWCD3002_FD/Assembly/QC_and_Genome_Assembly/submission.assembly.fasta,1280676,ButspWCD3002,"seqfu cat --append ""|kraken:taxid|1280676""  ButspWCD3002_FD/Assembly/QC_and_Genome_Assembly/submission.assembly.fasta > N_ButspWCD3002.fasta"
 ButspWCE2006_FD/Assembly/QC_and_Genome_Assembly/submission.assembly.fasta,1410611,ButspWCE2006,"seqfu cat --append ""|kraken:taxid|1410611""  ButspWCE2006_FD/Assembly/QC_and_Genome_Assembly/submission.assembly.fasta > N_ButspWCE2006.fasta"
 ButspXBB1001_FD/Assembly/QC_and_Genome_Assembly/submission.assembly.fasta,1280682,ButspXBB1001,"seqfu cat --append ""|kraken:taxid|1280682""  ButspXBB1001_FD/Assembly/QC_and_Genome_Assembly/submission.assembly.fasta > N_ButspXBB1001.fasta"
 ButspXPD2002_FD/Assembly/QC_and_Genome_Assembly/submission.assembly.fasta,1280665,ButspXPD2002,"seqfu cat --append ""|kraken:taxid|1280665""  ButspXPD2002_FD/Assembly/QC_and_Genome_Assembly/submission.assembly.fasta > N_ButspXPD2002.fasta"
 ButspXPD2006_FD/Assembly/QC_and_Genome_Assembly/submission.assembly.fasta,1280668,ButspXPD2006,"seqfu cat --append ""|kraken:taxid|1280668""  ButspXPD2006_FD/Assembly/QC_and_Genome_Assembly/submission.assembly.fasta > N_ButspXPD2006.fasta"
 ButspYAB3001_FD/Assembly/QC_and_Genome_Assembly/assembly.fasta,1520812,ButspYAB3001,"seqfu cat --append ""|kraken:taxid|1520812""  ButspYAB3001_FD/Assembly/QC_and_Genome_Assembly/assembly.fasta > N_ButspYAB3001.fasta"
 CelspKH9_FD/Assembly/QC_and_Genome_Assembly/submission.assembly.fasta,1855324,CelspKH9,"seqfu cat --append ""|kraken:taxid|1855324""  CelspKH9_FD/Assembly/QC_and_Genome_Assembly/submission.assembly.fasta > N_CelspKH9.fasta"
 CitspNLAEzlC269_FD/Assembly/QC_and_Genome_Assembly/submission.assembly.fasta,1855329,CitspNLAEzlC269,"seqfu cat --append ""|kraken:taxid|1855329""  CitspNLAEzlC269_FD/Assembly/QC_and_Genome_Assembly/submission.assembly.fasta > N_CitspNLAEzlC269.fasta"
 ClobacNK3B98_FD/Assembly/QC_and_Genome_Assembly/submission.assembly.fasta,877414,ClobacNK3B98,"seqfu cat --append ""|kraken:taxid|877414""  ClobacNK3B98_FD/Assembly/QC_and_Genome_Assembly/submission.assembly.fasta > N_ClobacNK3B98.fasta"
 ClobacR7_FD/Assembly/QC_and_Genome_Assembly/submission.assembly.fasta,1898207,ClobacR7,"seqfu cat --append ""|kraken:taxid|1898207""  ClobacR7_FD/Assembly/QC_and_Genome_Assembly/submission.assembly.fasta > N_ClobacR7.fasta"
 ClobacWTE2008_FD/Assembly/QC_and_Genome_Assembly/submission.assembly.fasta,3046383,ClobacWTE2008,"seqfu cat --append ""|kraken:taxid|3046383""  ClobacWTE2008_FD/Assembly/QC_and_Genome_Assembly/submission.assembly.fasta > N_ClobacWTE2008.fasta"
 CloaerDSM5434_FD/Assembly/QC_and_Genome_Assembly/submission.assembly.fasta,1410651,CloaerDSM5434,"seqfu cat --append ""|kraken:taxid|1410651""  CloaerDSM5434_FD/Assembly/QC_and_Genome_Assembly/submission.assembly.fasta > N_CloaerDSM5434.fasta"
 CloalgB3_FD/Assembly/QC_and_Genome_Assembly/final.assembly.fasta,37659,CloalgB3,"seqfu cat --append ""|kraken:taxid|37659""  CloalgB3_FD/Assembly/QC_and_Genome_Assembly/final.assembly.fasta > N_CloalgB3.fasta"
 CloamiF_FD/Assembly/QC_and_Genome_Assembly/assembly.fasta,1121296,CloamiF,"seqfu cat --append ""|kraken:taxid|1121296""  CloamiF_FD/Assembly/QC_and_Genome_Assembly/assembly.fasta > N_CloamiF.fasta"
 ClobeiHUN142_FD/Assembly/QC_and_Genome_Assembly/submission.assembly.fasta,1410652,ClobeiHUN142,"seqfu cat --append ""|kraken:taxid|1410652""  ClobeiHUN142_FD/Assembly/QC_and_Genome_Assembly/submission.assembly.fasta > N_ClobeiHUN142.fasta"
 ClobutAGR2140_FD/Assembly/QC_and_Genome_Assembly/submission.assembly.fasta,1280693,ClobutAGR2140,"seqfu cat --append ""|kraken:taxid|1280693""  ClobutAGR2140_FD/Assembly/QC_and_Genome_Assembly/submission.assembly.fasta > N_ClobutAGR2140.fasta"
 ClocadAGR2141_FD/Assembly/QC_and_Genome_Assembly/submission.assembly.fasta,1280692,ClocadAGR2141,"seqfu cat --append ""|kraken:taxid|1280692""  ClocadAGR2141_FD/Assembly/QC_and_Genome_Assembly/submission.assembly.fasta > N_ClocadAGR2141.fasta"
 ClocadNLAEzlG419_FD/Assembly/QC_and_Genome_Assembly/submission.assembly.fasta,1529,ClocadNLAEzlG419,"seqfu cat --append ""|kraken:taxid|1529""  ClocadNLAEzlG419_FD/Assembly/QC_and_Genome_Assembly/submission.assembly.fasta > N_ClocadNLAEzlG419.fasta"
 ClocloATCC25537_FD/Assembly/QC_and_Genome_Assembly/assembly.fasta,1531,ClocloATCC25537,"seqfu cat --append ""|kraken:taxid|1531""  ClocloATCC25537_FD/Assembly/QC_and_Genome_Assembly/assembly.fasta > N_ClocloATCC25537.fasta"
 ClocloAGR2157_FD/Assembly/QC_and_Genome_Assembly/submission.assembly.fasta,1280695,ClocloAGR2157,"seqfu cat --append ""|kraken:taxid|1280695""  ClocloAGR2157_FD/Assembly/QC_and_Genome_Assembly/submission.assembly.fasta > N_ClocloAGR2157.fasta"
 ClococNLAEzlC224_FD/Assembly/QC_and_Genome_Assembly/submission.assembly.fasta,1494,ClococNLAEzlC224,"seqfu cat --append ""|kraken:taxid|1494""  ClococNLAEzlC224_FD/Assembly/QC_and_Genome_Assembly/submission.assembly.fasta > N_ClococNLAEzlC224.fasta"
 CloinnNLAEzlC381_FD/Assembly/QC_and_Genome_Assembly/submission.assembly.fasta,1522,CloinnNLAEzlC381,"seqfu cat --append ""|kraken:taxid|1522""  CloinnNLAEzlC381_FD/Assembly/QC_and_Genome_Assembly/submission.assembly.fasta > N_CloinnNLAEzlC381.fasta"
 CloinnNLAEzlG197_FD/Assembly/QC_and_Genome_Assembly/submission.assembly.fasta,1522,CloinnNLAEzlG197,"seqfu cat --append ""|kraken:taxid|1522""  CloinnNLAEzlG197_FD/Assembly/QC_and_Genome_Assembly/submission.assembly.fasta > N_CloinnNLAEzlG197.fasta"
 ClolunDSM17049_FD/Assembly/QC_and_Genome_Assembly/submission.assembly.fasta,1410653,ClolunDSM17049,"seqfu cat --append ""|kraken:taxid|1410653""  ClolunDSM17049_FD/Assembly/QC_and_Genome_Assembly/submission.assembly.fasta > N_ClolunDSM17049.fasta"
 ClomanLM2_FD/Assembly/QC_and_Genome_Assembly/final.assembly.fasta,1392497,ClomanLM2,"seqfu cat --append ""|kraken:taxid|1392497""  ClomanLM2_FD/Assembly/QC_and_Genome_Assembly/final.assembly.fasta > N_ClomanLM2.fasta"
 CloparAGR2156_FD/Assembly/QC_and_Genome_Assembly/submission.assembly.fasta,1280689,CloparAGR2156,"seqfu cat --append ""|kraken:taxid|1280689""  CloparAGR2156_FD/Assembly/QC_and_Genome_Assembly/submission.assembly.fasta > N_CloparAGR2156.fasta"
 ClopolDSM1801_FD/Assembly/QC_and_Genome_Assembly/submission.assembly.fasta,29364,ClopolDSM1801,"seqfu cat --append ""|kraken:taxid|29364""  ClopolDSM1801_FD/Assembly/QC_and_Genome_Assembly/submission.assembly.fasta > N_ClopolDSM1801.fasta"
 ClospDSM8431_FD/Assembly/QC_and_Genome_Assembly/submission.assembly.fasta,1761781,ClospDSM8431,"seqfu cat --append ""|kraken:taxid|1761781""  ClospDSM8431_FD/Assembly/QC_and_Genome_Assembly/submission.assembly.fasta > N_ClospDSM8431.fasta"
 CorbacKH1P3_FD/Assembly/QC_and_Genome_Assembly/submission.assembly.fasta,1945884,CorbacKH1P3,"seqfu cat --append ""|kraken:taxid|1945884""  CorbacKH1P3_FD/Assembly/QC_and_Genome_Assembly/submission.assembly.fasta > N_CorbacKH1P3.fasta"
 CorvitGa6A13_FD/Assembly/QC_and_Genome_Assembly/submission.assembly.fasta,1410654,CorvitGa6A13,"seqfu cat --append ""|kraken:taxid|1410654""  CorvitGa6A13_FD/Assembly/QC_and_Genome_Assembly/submission.assembly.fasta > N_CorvitGa6A13.fasta"
 DendetDSM21843_FD/Assembly/QC_and_Genome_Assembly/assembly.fasta,79604,DendetDSM21843,"seqfu cat --append ""|kraken:taxid|79604""  DendetDSM21843_FD/Assembly/QC_and_Genome_Assembly/assembly.fasta > N_DendetDSM21843.fasta"
 DesdesDSM7057_FD/Assembly/QC_and_Genome_Assembly/assembly.fasta,876,DesdesDSM7057,"seqfu cat --append ""|kraken:taxid|876""  DesdesDSM7057_FD/Assembly/QC_and_Genome_Assembly/assembly.fasta > N_DesdesDSM7057.fasta"
 DeslegKHC7_FD/Assembly/QC_and_Genome_Assembly/submission.assembly.fasta,571438,DeslegKHC7,"seqfu cat --append ""|kraken:taxid|571438""  DeslegKHC7_FD/Assembly/QC_and_Genome_Assembly/submission.assembly.fasta > N_DeslegKHC7.fasta"
 DorlonAGR2136_FD/Assembly/QC_and_Genome_Assembly/submission.assembly.fasta,1280698,DorlonAGR2136,"seqfu cat --append ""|kraken:taxid|1280698""  DorlonAGR2136_FD/Assembly/QC_and_Genome_Assembly/submission.assembly.fasta > N_DorlonAGR2136.fasta"
 DoreaspAGR2135_FD/Assembly/QC_and_Genome_Assembly/submission.assembly.fasta,1280669,DoreaspAGR2135,"seqfu cat --append ""|kraken:taxid|1280669""  DoreaspAGR2135_FD/Assembly/QC_and_Genome_Assembly/submission.assembly.fasta > N_DoreaspAGR2135.fasta"
 EntspKPR6_FD/Assembly/QC_and_Genome_Assembly/submission.assembly.fasta,1761782,EntspKPR6,"seqfu cat --append ""|kraken:taxid|1761782""  EntspKPR6_FD/Assembly/QC_and_Genome_Assembly/submission.assembly.fasta > N_EntspKPR6.fasta"
 EntcasNLAEzlC414_FD/Assembly/QC_and_Genome_Assembly/submission.assembly.fasta,37734,EntcasNLAEzlC414,"seqfu cat --append ""|kraken:taxid|37734""  EntcasNLAEzlC414_FD/Assembly/QC_and_Genome_Assembly/submission.assembly.fasta > N_EntcasNLAEzlC414.fasta"
 EntcasNLAEzlG268_FD/Assembly/QC_and_Genome_Assembly/submission.assembly.fasta,37734,EntcasNLAEzlG268,"seqfu cat --append ""|kraken:taxid|37734""  EntcasNLAEzlG268_FD/Assembly/QC_and_Genome_Assembly/submission.assembly.fasta > N_EntcasNLAEzlG268.fasta"
 Entfae68A_FD/Assembly/QC_and_Genome_Assembly/final.assembly.fasta,1458467,Entfae68A,"seqfu cat --append ""|kraken:taxid|1458467""  Entfae68A_FD/Assembly/QC_and_Genome_Assembly/final.assembly.fasta > N_Entfae68A.fasta"
 EntfaeVTM1R91_FD/Assembly/QC_and_Genome_Assembly/submission.assembly.fasta,1351,EntfaeVTM1R91,"seqfu cat --append ""|kraken:taxid|1351""  EntfaeVTM1R91_FD/Assembly/QC_and_Genome_Assembly/submission.assembly.fasta > N_EntfaeVTM1R91.fasta"
 EntgalSKF1_FD/Assembly/QC_and_Genome_Assembly/final.assembly.fasta,1353,EntgalSKF1,"seqfu cat --append ""|kraken:taxid|1353""  EntgalSKF1_FD/Assembly/QC_and_Genome_Assembly/final.assembly.fasta > N_EntgalSKF1.fasta"
 EntmunC2_FD/Assembly/QC_and_Genome_Assembly/submission.assembly.fasta,53346,EntmunC2,"seqfu cat --append ""|kraken:taxid|53346""  EntmunC2_FD/Assembly/QC_and_Genome_Assembly/submission.assembly.fasta > N_EntmunC2.fasta"
 EntspKPPR6_FD/Assembly/QC_and_Genome_Assembly/submission.assembly.fasta,1761783,EntspKPPR6,"seqfu cat --append ""|kraken:taxid|1761783""  EntspKPPR6_FD/Assembly/QC_and_Genome_Assembly/submission.assembly.fasta > N_EntspKPPR6.fasta"
 ErybacNK3D112_FD/Assembly/QC_and_Genome_Assembly/submission.assembly.fasta,877415,ErybacNK3D112,"seqfu cat --append ""|kraken:taxid|877415""  ErybacNK3D112_FD/Assembly/QC_and_Genome_Assembly/submission.assembly.fasta > N_ErybacNK3D112.fasta"
 EsccolPA3_FD/Assembly/QC_and_Genome_Assembly/submission.assembly.fasta,562,EsccolPA3,"seqfu cat --append ""|kraken:taxid|562""  EsccolPA3_FD/Assembly/QC_and_Genome_Assembly/submission.assembly.fasta > N_EsccolPA3.fasta"
 EubpyruKHGC13_FD/Assembly/QC_and_Genome_Assembly/submission.assembly.fasta,155865,EubpyruKHGC13,"seqfu cat --append ""|kraken:taxid|155865""  EubpyruKHGC13_FD/Assembly/QC_and_Genome_Assembly/submission.assembly.fasta > N_EubpyruKHGC13.fasta"
 EubcalNLAEzlG225_FD/Assembly/QC_and_Genome_Assembly/submission.assembly.fasta,53442,EubcalNLAEzlG225,"seqfu cat --append ""|kraken:taxid|53442""  EubcalNLAEzlG225_FD/Assembly/QC_and_Genome_Assembly/submission.assembly.fasta > N_EubcalNLAEzlG225.fasta"
 EubcelLD2006_FD/Assembly/QC_and_Genome_Assembly/submission.assembly.fasta,1408436,EubcelLD2006,"seqfu cat --append ""|kraken:taxid|1408436""  EubcelLD2006_FD/Assembly/QC_and_Genome_Assembly/submission.assembly.fasta > N_EubcelLD2006.fasta"
 EuboxiDSM3217_FD/Assembly/QC_and_Genome_Assembly/assembly.fasta,1732,EuboxiDSM3217,"seqfu cat --append ""|kraken:taxid|1732""  EuboxiDSM3217_FD/Assembly/QC_and_Genome_Assembly/assembly.fasta > N_EuboxiDSM3217.fasta"
 EubpyrKHPC4_FD/Assembly/QC_and_Genome_Assembly/submission.assembly.fasta,155865,EubpyrKHPC4,"seqfu cat --append ""|kraken:taxid|155865""  EubpyrKHPC4_FD/Assembly/QC_and_Genome_Assembly/submission.assembly.fasta > N_EubpyrKHPC4.fasta"
 Eubpyri6_FD/Assembly/QC_and_Genome_Assembly/submission.assembly.fasta,155865,Eubpyri6,"seqfu cat --append ""|kraken:taxid|155865""  Eubpyri6_FD/Assembly/QC_and_Genome_Assembly/submission.assembly.fasta > N_Eubpyri6.fasta"
 Eubrum2388_FD/Assembly/QC_and_Genome_Assembly/submission.assembly.fasta,42322,Eubrum2388,"seqfu cat --append ""|kraken:taxid|42322""  Eubrum2388_FD/Assembly/QC_and_Genome_Assembly/submission.assembly.fasta > N_Eubrum2388.fasta"
 EubrumFB3002_FD/Assembly/QC_and_Genome_Assembly/submission.assembly.fasta,42322,EubrumFB3002,"seqfu cat --append ""|kraken:taxid|42322""  EubrumFB3002_FD/Assembly/QC_and_Genome_Assembly/submission.assembly.fasta > N_EubrumFB3002.fasta"
 EubrumHUN269_FD/Assembly/QC_and_Genome_Assembly/assembly.fasta,42322,EubrumHUN269,"seqfu cat --append ""|kraken:taxid|42322""  EubrumHUN269_FD/Assembly/QC_and_Genome_Assembly/assembly.fasta > N_EubrumHUN269.fasta"
 EubspAB3007_FD/Assembly/QC_and_Genome_Assembly/final.assembly.fasta,1392487,EubspAB3007,"seqfu cat --append ""|kraken:taxid|1392487""  EubspAB3007_FD/Assembly/QC_and_Genome_Assembly/final.assembly.fasta > N_EubspAB3007.fasta"
 FibsucHM2_FD/Assembly/QC_and_Genome_Assembly/assembly.fasta,833,FibsucHM2,"seqfu cat --append ""|kraken:taxid|833""  FibsucHM2_FD/Assembly/QC_and_Genome_Assembly/assembly.fasta > N_FibsucHM2.fasta"
 FusnecHUN048_FD/Assembly/QC_and_Genome_Assembly/submission.assembly.fasta,1410656,FusnecHUN048,"seqfu cat --append ""|kraken:taxid|1410656""  FusnecHUN048_FD/Assembly/QC_and_Genome_Assembly/submission.assembly.fasta > N_FusnecHUN048.fasta"
 KanvitDSM20405_FD/Assembly/QC_and_Genome_Assembly/submission.assembly.fasta,1410657,KanvitDSM20405,"seqfu cat --append ""|kraken:taxid|1410657""  KanvitDSM20405_FD/Assembly/QC_and_Genome_Assembly/submission.assembly.fasta > N_KanvitDSM20405.fasta"
 KanvitKH4T7_FD/Assembly/QC_and_Genome_Assembly/submission.assembly.fasta,1630,KanvitKH4T7,"seqfu cat --append ""|kraken:taxid|1630""  KanvitKH4T7_FD/Assembly/QC_and_Genome_Assembly/submission.assembly.fasta > N_KanvitKH4T7.fasta"
 KanvitMC3001_FD/Assembly/QC_and_Genome_Assembly/submission.assembly.fasta,1410658,KanvitMC3001,"seqfu cat --append ""|kraken:taxid|1410658""  KanvitMC3001_FD/Assembly/QC_and_Genome_Assembly/submission.assembly.fasta > N_KanvitMC3001.fasta"
 KanvitS3b_FD/Assembly/QC_and_Genome_Assembly/submission.assembly.fasta,1630,KanvitS3b,"seqfu cat --append ""|kraken:taxid|1630""  KanvitS3b_FD/Assembly/QC_and_Genome_Assembly/submission.assembly.fasta > N_KanvitS3b.fasta"
 KanvitWCC7_FD/Assembly/QC_and_Genome_Assembly/submission.assembly.fasta,1630,KanvitWCC7,"seqfu cat --append ""|kraken:taxid|1630""  KanvitWCC7_FD/Assembly/QC_and_Genome_Assembly/submission.assembly.fasta > N_KanvitWCC7.fasta"
 KanvitWCE2011_FD/Assembly/QC_and_Genome_Assembly/submission.assembly.fasta,1410659,KanvitWCE2011,"seqfu cat --append ""|kraken:taxid|1410659""  KanvitWCE2011_FD/Assembly/QC_and_Genome_Assembly/submission.assembly.fasta > N_KanvitWCE2011.fasta"
 LacbovAE2004_FD/Assembly/QC_and_Genome_Assembly/final.assembly.fasta,140626,LacbovAE2004,"seqfu cat --append ""|kraken:taxid|140626""  LacbovAE2004_FD/Assembly/QC_and_Genome_Assembly/final.assembly.fasta > N_LacbovAE2004.fasta"
 LacbovC6A12_FD/Assembly/QC_and_Genome_Assembly/submission.assembly.fasta,1410660,LacbovC6A12,"seqfu cat --append ""|kraken:taxid|1410660""  LacbovC6A12_FD/Assembly/QC_and_Genome_Assembly/submission.assembly.fasta > N_LacbovC6A12.fasta"
 LacbovDSM14045_FD/Assembly/QC_and_Genome_Assembly/assembly.fasta,1122142,LacbovDSM14045,"seqfu cat --append ""|kraken:taxid|1122142""  LacbovDSM14045_FD/Assembly/QC_and_Genome_Assembly/assembly.fasta > N_LacbovDSM14045.fasta"
 LacbovNK4B19_FD/Assembly/QC_and_Genome_Assembly/submission.assembly.fasta,877445,LacbovNK4B19,"seqfu cat --append ""|kraken:taxid|877445""  LacbovNK4B19_FD/Assembly/QC_and_Genome_Assembly/submission.assembly.fasta > N_LacbovNK4B19.fasta"
 LacbovS1b_FD/Assembly/QC_and_Genome_Assembly/assembly.fasta,140626,LacbovS1b,"seqfu cat --append ""|kraken:taxid|140626""  LacbovS1b_FD/Assembly/QC_and_Genome_Assembly/assembly.fasta > N_LacbovS1b.fasta"
 LaccitNLAEzlG70_FD/Assembly/QC_and_Genome_Assembly/submission.assembly.fasta,358743,LaccitNLAEzlG70,"seqfu cat --append ""|kraken:taxid|358743""  LaccitNLAEzlG70_FD/Assembly/QC_and_Genome_Assembly/submission.assembly.fasta > N_LaccitNLAEzlG70.fasta"
 LaccloNLAEzlC196_FD/Assembly/QC_and_Genome_Assembly/submission.assembly.fasta,1531,LaccloNLAEzlC196,"seqfu cat --append ""|kraken:taxid|1531""  LaccloNLAEzlC196_FD/Assembly/QC_and_Genome_Assembly/submission.assembly.fasta > N_LaccloNLAEzlC196.fasta"
 LaccloNLAEzlG208_FD/Assembly/QC_and_Genome_Assembly/submission.assembly.fasta,1531,LaccloNLAEzlG208,"seqfu cat --append ""|kraken:taxid|1531""  LaccloNLAEzlG208_FD/Assembly/QC_and_Genome_Assembly/submission.assembly.fasta > N_LaccloNLAEzlG208.fasta"
 LacconNLAEzlC134_FD/Assembly/QC_and_Genome_Assembly/submission.assembly.fasta,39482,LacconNLAEzlC134,"seqfu cat --append ""|kraken:taxid|39482""  LacconNLAEzlC134_FD/Assembly/QC_and_Genome_Assembly/submission.assembly.fasta > N_LacconNLAEzlC134.fasta"
 LaclavNLAEzlG277_FD/Assembly/QC_and_Genome_Assembly/submission.assembly.fasta,460384,LaclavNLAEzlG277,"seqfu cat --append ""|kraken:taxid|460384""  LaclavNLAEzlG277_FD/Assembly/QC_and_Genome_Assembly/submission.assembly.fasta > N_LaclavNLAEzlG277.fasta"
 LacoroNLAEzlC242_FD/Assembly/QC_and_Genome_Assembly/submission.assembly.fasta,1544,LacoroNLAEzlC242,"seqfu cat --append ""|kraken:taxid|1544""  LacoroNLAEzlC242_FD/Assembly/QC_and_Genome_Assembly/submission.assembly.fasta > N_LacoroNLAEzlC242.fasta"
 LacbacA10_FD/Assembly/QC_and_Genome_Assembly/assembly.fasta,1520821,LacbacA10,"seqfu cat --append ""|kraken:taxid|1520821""  LacbacA10_FD/Assembly/QC_and_Genome_Assembly/assembly.fasta > N_LacbacA10.fasta"
 LacbacAB2028_FD/Assembly/QC_and_Genome_Assembly/submission.assembly.fasta,1408319,LacbacAB2028,"seqfu cat --append ""|kraken:taxid|1408319""  LacbacAB2028_FD/Assembly/QC_and_Genome_Assembly/submission.assembly.fasta > N_LacbacAB2028.fasta"
 LacbacAC2012_FD/Assembly/QC_and_Genome_Assembly/final.assembly.fasta,1392494,LacbacAC2012,"seqfu cat --append ""|kraken:taxid|1392494""  LacbacAC2012_FD/Assembly/QC_and_Genome_Assembly/final.assembly.fasta > N_LacbacAC2012.fasta"
 LacbacAC2014_FD/Assembly/QC_and_Genome_Assembly/submission.assembly.fasta,1408320,LacbacAC2014,"seqfu cat --append ""|kraken:taxid|1408320""  LacbacAC2014_FD/Assembly/QC_and_Genome_Assembly/submission.assembly.fasta > N_LacbacAC2014.fasta"
 LacbacAC2028_FD/Assembly/QC_and_Genome_Assembly/submission.assembly.fasta,1408321,LacbacAC2028,"seqfu cat --append ""|kraken:taxid|1408321""  LacbacAC2028_FD/Assembly/QC_and_Genome_Assembly/submission.assembly.fasta > N_LacbacAC2028.fasta"
 LacbacAC2029_FD/Assembly/QC_and_Genome_Assembly/final.assembly.fasta,1458462,LacbacAC2029,"seqfu cat --append ""|kraken:taxid|1458462""  LacbacAC2029_FD/Assembly/QC_and_Genome_Assembly/final.assembly.fasta > N_LacbacAC2029.fasta"
 LacbacAC2031_FD/Assembly/QC_and_Genome_Assembly/final.assembly.fasta,1392493,LacbacAC2031,"seqfu cat --append ""|kraken:taxid|1392493""  LacbacAC2031_FD/Assembly/QC_and_Genome_Assembly/final.assembly.fasta > N_LacbacAC2031.fasta"
 LacbacAC3007_FD/Assembly/QC_and_Genome_Assembly/submission.assembly.fasta,1408322,LacbacAC3007,"seqfu cat --append ""|kraken:taxid|1408322""  LacbacAC3007_FD/Assembly/QC_and_Genome_Assembly/submission.assembly.fasta > N_LacbacAC3007.fasta"
 LacbacAD3010_FD/Assembly/QC_and_Genome_Assembly/submission.assembly.fasta,1410621,LacbacAD3010,"seqfu cat --append ""|kraken:taxid|1410621""  LacbacAD3010_FD/Assembly/QC_and_Genome_Assembly/submission.assembly.fasta > N_LacbacAD3010.fasta"
 LacbacC6A11_FD/Assembly/QC_and_Genome_Assembly/submission.assembly.fasta,1410622,LacbacC6A11,"seqfu cat --append ""|kraken:taxid|1410622""  LacbacC6A11_FD/Assembly/QC_and_Genome_Assembly/submission.assembly.fasta > N_LacbacC6A11.fasta"
 LacbacC7_FD/Assembly/QC_and_Genome_Assembly/submission.assembly.fasta,1792306,LacbacC7,"seqfu cat --append ""|kraken:taxid|1792306""  LacbacC7_FD/Assembly/QC_and_Genome_Assembly/submission.assembly.fasta > N_LacbacC7.fasta"
 LacbacC10_FD/Assembly/QC_and_Genome_Assembly/assembly.fasta,1520822,LacbacC10,"seqfu cat --append ""|kraken:taxid|1520822""  LacbacC10_FD/Assembly/QC_and_Genome_Assembly/assembly.fasta > N_LacbacC10.fasta"
 LacbacFD2005_FD/Assembly/QC_and_Genome_Assembly/submission.assembly.fasta,1410623,LacbacFD2005,"seqfu cat --append ""|kraken:taxid|1410623""  LacbacFD2005_FD/Assembly/QC_and_Genome_Assembly/submission.assembly.fasta > N_LacbacFD2005.fasta"
 LacbacFE2018_FD/Assembly/QC_and_Genome_Assembly/submission.assembly.fasta,1410624,LacbacFE2018,"seqfu cat --append ""|kraken:taxid|1410624""  LacbacFE2018_FD/Assembly/QC_and_Genome_Assembly/submission.assembly.fasta > N_LacbacFE2018.fasta"
 LacbacG11_FD/Assembly/QC_and_Genome_Assembly/assembly.fasta,1200747,LacbacG11,"seqfu cat --append ""|kraken:taxid|1200747""  LacbacG11_FD/Assembly/QC_and_Genome_Assembly/assembly.fasta > N_LacbacG11.fasta"
 LacbacG41_FD/Assembly/QC_and_Genome_Assembly/submission.assembly.fasta,1200749,LacbacG41,"seqfu cat --append ""|kraken:taxid|1200749""  LacbacG41_FD/Assembly/QC_and_Genome_Assembly/submission.assembly.fasta > N_LacbacG41.fasta"
 LacbacKH1P17_FD/Assembly/QC_and_Genome_Assembly/submission.assembly.fasta,1898203,LacbacKH1P17,"seqfu cat --append ""|kraken:taxid|1898203""  LacbacKH1P17_FD/Assembly/QC_and_Genome_Assembly/submission.assembly.fasta > N_LacbacKH1P17.fasta"
 LacbacKH1T2_FD/Assembly/QC_and_Genome_Assembly/submission.assembly.fasta,1855374,LacbacKH1T2,"seqfu cat --append ""|kraken:taxid|1855374""  LacbacKH1T2_FD/Assembly/QC_and_Genome_Assembly/submission.assembly.fasta > N_LacbacKH1T2.fasta"
 LacbacKHCPX20_FD/Assembly/QC_and_Genome_Assembly/submission.assembly.fasta,1855375,LacbacKHCPX20,"seqfu cat --append ""|kraken:taxid|1855375""  LacbacKHCPX20_FD/Assembly/QC_and_Genome_Assembly/submission.assembly.fasta > N_LacbacKHCPX20.fasta"
 LacbacLC2019_FD/Assembly/QC_and_Genome_Assembly/submission.assembly.fasta,1898203,LacbacLC2019,"seqfu cat --append ""|kraken:taxid|1898203""  LacbacLC2019_FD/Assembly/QC_and_Genome_Assembly/submission.assembly.fasta > N_LacbacLC2019.fasta"
 LacbacMA2020_FD/Assembly/QC_and_Genome_Assembly/submission.assembly.fasta,1408323,LacbacMA2020,"seqfu cat --append ""|kraken:taxid|1408323""  LacbacMA2020_FD/Assembly/QC_and_Genome_Assembly/submission.assembly.fasta > N_LacbacMA2020.fasta"
 LacbacMC2017_FD/Assembly/QC_and_Genome_Assembly/submission.assembly.fasta,1408324,LacbacMC2017,"seqfu cat --append ""|kraken:taxid|1408324""  LacbacMC2017_FD/Assembly/QC_and_Genome_Assembly/submission.assembly.fasta > N_LacbacMC2017.fasta"
 LacbacMD2004_FD/Assembly/QC_and_Genome_Assembly/submission.assembly.fasta,1410625,LacbacMD2004,"seqfu cat --append ""|kraken:taxid|1410625""  LacbacMD2004_FD/Assembly/QC_and_Genome_Assembly/submission.assembly.fasta > N_LacbacMD2004.fasta"
 LacbacNC2004_FD/Assembly/QC_and_Genome_Assembly/submission.assembly.fasta,1410626,LacbacNC2004,"seqfu cat --append ""|kraken:taxid|1410626""  LacbacNC2004_FD/Assembly/QC_and_Genome_Assembly/submission.assembly.fasta > N_LacbacNC2004.fasta"
 LacbacNC2008_FD/Assembly/QC_and_Genome_Assembly/submission.assembly.fasta,1410627,LacbacNC2008,"seqfu cat --append ""|kraken:taxid|1410627""  LacbacNC2008_FD/Assembly/QC_and_Genome_Assembly/submission.assembly.fasta > N_LacbacNC2008.fasta"
 LacbacND2006_FD/Assembly/QC_and_Genome_Assembly/submission.assembly.fasta,1410628,LacbacND2006,"seqfu cat --append ""|kraken:taxid|1410628""  LacbacND2006_FD/Assembly/QC_and_Genome_Assembly/submission.assembly.fasta > N_LacbacND2006.fasta"
 LacbacNE2001_FD/Assembly/QC_and_Genome_Assembly/assembly.fasta,1520823,LacbacNE2001,"seqfu cat --append ""|kraken:taxid|1520823""  LacbacNE2001_FD/Assembly/QC_and_Genome_Assembly/assembly.fasta > N_LacbacNE2001.fasta"
 LacbacNK3A20_FD/Assembly/QC_and_Genome_Assembly/assembly.fasta,877406,LacbacNK3A20,"seqfu cat --append ""|kraken:taxid|877406""  LacbacNK3A20_FD/Assembly/QC_and_Genome_Assembly/assembly.fasta > N_LacbacNK3A20.fasta"
 LacbacNK4A136_FD/Assembly/QC_and_Genome_Assembly/submission.assembly.fasta,877420,LacbacNK4A136,"seqfu cat --append ""|kraken:taxid|877420""  LacbacNK4A136_FD/Assembly/QC_and_Genome_Assembly/submission.assembly.fasta > N_LacbacNK4A136.fasta"
 LacbacNK4A144_FD/Assembly/QC_and_Genome_Assembly/submission.assembly.fasta,877421,LacbacNK4A144,"seqfu cat --append ""|kraken:taxid|877421""  LacbacNK4A144_FD/Assembly/QC_and_Genome_Assembly/submission.assembly.fasta > N_LacbacNK4A144.fasta"
 LacbacNK4A179_FD/Assembly/QC_and_Genome_Assembly/submission.assembly.fasta,877424,LacbacNK4A179,"seqfu cat --append ""|kraken:taxid|877424""  LacbacNK4A179_FD/Assembly/QC_and_Genome_Assembly/submission.assembly.fasta > N_LacbacNK4A179.fasta"
 LacbacNLAEzlG231_FD/Assembly/QC_and_Genome_Assembly/submission.assembly.fasta,1855376,LacbacNLAEzlG231,"seqfu cat --append ""|kraken:taxid|1855376""  LacbacNLAEzlG231_FD/Assembly/QC_and_Genome_Assembly/submission.assembly.fasta > N_LacbacNLAEzlG231.fasta"
 LacbacP6A3_FD/Assembly/QC_and_Genome_Assembly/submission.assembly.fasta,1410630,LacbacP6A3,"seqfu cat --append ""|kraken:taxid|1410630""  LacbacP6A3_FD/Assembly/QC_and_Genome_Assembly/submission.assembly.fasta > N_LacbacP6A3.fasta"
 LacbacP6B14_FD/Assembly/QC_and_Genome_Assembly/submission.assembly.fasta,1410631,LacbacP6B14,"seqfu cat --append ""|kraken:taxid|1410631""  LacbacP6B14_FD/Assembly/QC_and_Genome_Assembly/submission.assembly.fasta > N_LacbacP6B14.fasta"
 LacbacRM5_FD/Assembly/QC_and_Genome_Assembly/assembly.fasta,1200721,LacbacRM5,"seqfu cat --append ""|kraken:taxid|1200721""  LacbacRM5_FD/Assembly/QC_and_Genome_Assembly/assembly.fasta > N_LacbacRM5.fasta"
 LacbacV9D3004_FD/Assembly/QC_and_Genome_Assembly/submission.assembly.fasta,1410632,LacbacV9D3004,"seqfu cat --append ""|kraken:taxid|1410632""  LacbacV9D3004_FD/Assembly/QC_and_Genome_Assembly/submission.assembly.fasta > N_LacbacV9D3004.fasta"
 LacbacXBB1006_FD/Assembly/QC_and_Genome_Assembly/assembly.fasta,1520827,LacbacXBB1006,"seqfu cat --append ""|kraken:taxid|1520827""  LacbacXBB1006_FD/Assembly/QC_and_Genome_Assembly/assembly.fasta > N_LacbacXBB1006.fasta"
 LacbacXBB2008_FD/Assembly/QC_and_Genome_Assembly/assembly.fasta,1520826,LacbacXBB2008,"seqfu cat --append ""|kraken:taxid|1520826""  LacbacXBB2008_FD/Assembly/QC_and_Genome_Assembly/assembly.fasta > N_LacbacXBB2008.fasta"
 LacbacXBD2001_FD/Assembly/QC_and_Genome_Assembly/assembly.fasta,1520820,LacbacXBD2001,"seqfu cat --append ""|kraken:taxid|1520820""  LacbacXBD2001_FD/Assembly/QC_and_Genome_Assembly/assembly.fasta > N_LacbacXBD2001.fasta"
 LacbacXPB1003_FD/Assembly/QC_and_Genome_Assembly/assembly.fasta,1520825,LacbacXPB1003,"seqfu cat --append ""|kraken:taxid|1520825""  LacbacXPB1003_FD/Assembly/QC_and_Genome_Assembly/assembly.fasta > N_LacbacXPB1003.fasta"
 LacbacYSB2008_FD/Assembly/QC_and_Genome_Assembly/submission.assembly.fasta,1410633,LacbacYSB2008,"seqfu cat --append ""|kraken:taxid|1410633""  LacbacYSB2008_FD/Assembly/QC_and_Genome_Assembly/submission.assembly.fasta > N_LacbacYSB2008.fasta"
 LacbacYSD2013_FD/Assembly/QC_and_Genome_Assembly/assembly.fasta,1520828,LacbacYSD2013,"seqfu cat --append ""|kraken:taxid|1520828""  LacbacYSD2013_FD/Assembly/QC_and_Genome_Assembly/assembly.fasta > N_LacbacYSD2013.fasta"
 LacmulATCC19207_FD/Assembly/QC_and_Genome_Assembly/submission.assembly.fasta,1282887,LacmulATCC19207,"seqfu cat --append ""|kraken:taxid|1282887""  LacmulATCC19207_FD/Assembly/QC_and_Genome_Assembly/submission.assembly.fasta > N_LacmulATCC19207.fasta"
 LacmulD15d_FD/Assembly/QC_and_Genome_Assembly/submission.assembly.fasta,28051,LacmulD15d,"seqfu cat --append ""|kraken:taxid|28051""  LacmulD15d_FD/Assembly/QC_and_Genome_Assembly/submission.assembly.fasta > N_LacmulD15d.fasta"
 LacmulLB2003_FD/Assembly/QC_and_Genome_Assembly/submission.assembly.fasta,1410661,LacmulLB2003,"seqfu cat --append ""|kraken:taxid|1410661""  LacmulLB2003_FD/Assembly/QC_and_Genome_Assembly/submission.assembly.fasta > N_LacmulLB2003.fasta"
 LacmulMC2003_FD/Assembly/QC_and_Genome_Assembly/submission.assembly.fasta,1410662,LacmulMC2003,"seqfu cat --append ""|kraken:taxid|1410662""  LacmulMC2003_FD/Assembly/QC_and_Genome_Assembly/submission.assembly.fasta > N_LacmulMC2003.fasta"
 LacpecM83_FD/Assembly/QC_and_Genome_Assembly/submission.assembly.fasta,28052,LacpecM83,"seqfu cat --append ""|kraken:taxid|28052""  LacpecM83_FD/Assembly/QC_and_Genome_Assembly/submission.assembly.fasta > N_LacpecM83.fasta"
 LacmucAGR63_FD/Assembly/QC_and_Genome_Assembly/final.assembly.fasta,97478,LacmucAGR63,"seqfu cat --append ""|kraken:taxid|97478""  LacmucAGR63_FD/Assembly/QC_and_Genome_Assembly/final.assembly.fasta > N_LacmucAGR63.fasta"
 LacmucKHPC15_FD/Assembly/QC_and_Genome_Assembly/submission.assembly.fasta,97478,LacmucKHPC15,"seqfu cat --append ""|kraken:taxid|97478""  LacmucKHPC15_FD/Assembly/QC_and_Genome_Assembly/submission.assembly.fasta > N_LacmucKHPC15.fasta"
 LacmucKHPX11_FD/Assembly/QC_and_Genome_Assembly/submission.assembly.fasta,97478,LacmucKHPX11,"seqfu cat --append ""|kraken:taxid|97478""  LacmucKHPX11_FD/Assembly/QC_and_Genome_Assembly/submission.assembly.fasta > N_LacmucKHPX11.fasta"
 LacmucWCC8_FD/Assembly/QC_and_Genome_Assembly/submission.assembly.fasta,97478,LacmucWCC8,"seqfu cat --append ""|kraken:taxid|97478""  LacmucWCC8_FD/Assembly/QC_and_Genome_Assembly/submission.assembly.fasta > N_LacmucWCC8.fasta"
 LacplaAG30_FD/Assembly/QC_and_Genome_Assembly/final.assembly.fasta,1590,LacplaAG30,"seqfu cat --append ""|kraken:taxid|1590""  LacplaAG30_FD/Assembly/QC_and_Genome_Assembly/final.assembly.fasta > N_LacplaAG30.fasta"
 LacrumDSM20403_FD/Assembly/QC_and_Genome_Assembly/assembly.fasta,1423798,LacrumDSM20403,"seqfu cat --append ""|kraken:taxid|1423798""  LacrumDSM20403_FD/Assembly/QC_and_Genome_Assembly/assembly.fasta > N_LacrumDSM20403.fasta"
 LacgarM79_FD/Assembly/QC_and_Genome_Assembly/submission.assembly.fasta,1363,LacgarM79,"seqfu cat --append ""|kraken:taxid|1363""  LacgarM79_FD/Assembly/QC_and_Genome_Assembly/submission.assembly.fasta > N_LacgarM79.fasta"
 Laclacslactis511_FD/Assembly/QC_and_Genome_Assembly/final.assembly.fasta,1360,Laclacslactis511,"seqfu cat --append ""|kraken:taxid|1360""  Laclacslactis511_FD/Assembly/QC_and_Genome_Assembly/final.assembly.fasta > N_Laclacslactis511.fasta"
 MegspCalf982_FD/Assembly/QC_and_Genome_Assembly/submission.assembly.fasta,1855330,MegspCalf982,"seqfu cat --append ""|kraken:taxid|1855330""  MegspCalf982_FD/Assembly/QC_and_Genome_Assembly/submission.assembly.fasta > N_MegspCalf982.fasta"
 MegelsJ1_FD/Assembly/QC_and_Genome_Assembly/submission.assembly.fasta,907,MegelsJ1,"seqfu cat --append ""|kraken:taxid|907""  MegelsJ1_FD/Assembly/QC_and_Genome_Assembly/submission.assembly.fasta > N_MegelsJ1.fasta"
 MegelsT81_FD/Assembly/QC_and_Genome_Assembly/submission.assembly.fasta,1410663,MegelsT81,"seqfu cat --append ""|kraken:taxid|1410663""  MegelsT81_FD/Assembly/QC_and_Genome_Assembly/submission.assembly.fasta > N_MegelsT81.fasta"
 MegelsYE34_FD/Assembly/QC_and_Genome_Assembly/assembly.fasta,907,MegelsYE34,"seqfu cat --append ""|kraken:taxid|907""  MegelsYE34_FD/Assembly/QC_and_Genome_Assembly/assembly.fasta > N_MegelsYE34.fasta"
 MetgotDSM11978_FD/Assembly/QC_and_Genome_Assembly/submission.assembly.fasta,190974,MetgotDSM11978,"seqfu cat --append ""|kraken:taxid|190974""  MetgotDSM11978_FD/Assembly/QC_and_Genome_Assembly/submission.assembly.fasta > N_MetgotDSM11978.fasta"
 MetmilDSM16643_FD/Assembly/QC_and_Genome_Assembly/assembly.fasta,230361,MetmilDSM16643,"seqfu cat --append ""|kraken:taxid|230361""  MetmilDSM16643_FD/Assembly/QC_and_Genome_Assembly/assembly.fasta > N_MetmilDSM16643.fasta"
 MetollDSM16632_FD/Assembly/QC_and_Genome_Assembly/assembly.fasta,294671,MetollDSM16632,"seqfu cat --append ""|kraken:taxid|294671""  MetollDSM16632_FD/Assembly/QC_and_Genome_Assembly/assembly.fasta > N_MetollDSM16632.fasta"
 MetwolSH_FD/Assembly/QC_and_Genome_Assembly/submission.assembly.fasta,1410664,MetwolSH,"seqfu cat --append ""|kraken:taxid|1410664""  MetwolSH_FD/Assembly/QC_and_Genome_Assembly/submission.assembly.fasta > N_MetwolSH.fasta"
 MetmobDSM1539_FD/Assembly/QC_and_Genome_Assembly/submission.assembly.fasta,694440,MetmobDSM1539,"seqfu cat --append ""|kraken:taxid|694440""  MetmobDSM1539_FD/Assembly/QC_and_Genome_Assembly/submission.assembly.fasta > N_MetmobDSM1539.fasta"
 MetspDSM11855_FD/Assembly/QC_and_Genome_Assembly/assembly.fasta,1520800,MetspDSM11855,"seqfu cat --append ""|kraken:taxid|1520800""  MetspDSM11855_FD/Assembly/QC_and_Genome_Assembly/assembly.fasta > N_MetspDSM11855.fasta"
 MicbacKH10_FD/Assembly/QC_and_Genome_Assembly/submission.assembly.fasta,85006,MicbacKH10,"seqfu cat --append ""|kraken:taxid|85006""  MicbacKH10_FD/Assembly/QC_and_Genome_Assembly/submission.assembly.fasta > N_MicbacKH10.fasta"
 MiclutVTM4R57_FD/Assembly/QC_and_Genome_Assembly/submission.assembly.fasta,1270,MiclutVTM4R57,"seqfu cat --append ""|kraken:taxid|1270""  MiclutVTM4R57_FD/Assembly/QC_and_Genome_Assembly/submission.assembly.fasta > N_MiclutVTM4R57.fasta"
 MitjalDSM13811_FD/Assembly/QC_and_Genome_Assembly/submission.assembly.fasta,1410665,MitjalDSM13811,"seqfu cat --append ""|kraken:taxid|1410665""  MitjalDSM13811_FD/Assembly/QC_and_Genome_Assembly/submission.assembly.fasta > N_MitjalDSM13811.fasta"
 MormorNLAEzlC84_FD/Assembly/QC_and_Genome_Assembly/submission.assembly.fasta,582,MormorNLAEzlC84,"seqfu cat --append ""|kraken:taxid|582""  MormorNLAEzlC84_FD/Assembly/QC_and_Genome_Assembly/submission.assembly.fasta > N_MormorNLAEzlC84.fasta"
 OlsspKH2P3_FD/Assembly/QC_and_Genome_Assembly/submission.assembly.fasta,1797112,OlsspKH2P3,"seqfu cat --append ""|kraken:taxid|1797112""  OlsspKH2P3_FD/Assembly/QC_and_Genome_Assembly/submission.assembly.fasta > N_OlsspKH2P3.fasta"
 OlsspKH3B4_FD/Assembly/QC_and_Genome_Assembly/submission.assembly.fasta,1855394,OlsspKH3B4,"seqfu cat --append ""|kraken:taxid|1855394""  OlsspKH3B4_FD/Assembly/QC_and_Genome_Assembly/submission.assembly.fasta > N_OlsspKH3B4.fasta"
 OlsumbDSM22619_FD/Assembly/QC_and_Genome_Assembly/submission.assembly.fasta,604330,OlsumbDSM22619,"seqfu cat --append ""|kraken:taxid|604330""  OlsumbDSM22619_FD/Assembly/QC_and_Genome_Assembly/submission.assembly.fasta > N_OlsumbDSM22619.fasta"
 OlsumbKHGC19_FD/Assembly/QC_and_Genome_Assembly/submission.assembly.fasta,604330,OlsumbKHGC19,"seqfu cat --append ""|kraken:taxid|604330""  OlsumbKHGC19_FD/Assembly/QC_and_Genome_Assembly/submission.assembly.fasta > N_OlsumbKHGC19.fasta"
 OlsumbWCP15_FD/Assembly/QC_and_Genome_Assembly/submission.assembly.fasta,604330,OlsumbWCP15,"seqfu cat --append ""|kraken:taxid|604330""  OlsumbWCP15_FD/Assembly/QC_and_Genome_Assembly/submission.assembly.fasta > N_OlsumbWCP15.fasta"
 OrispFC2011_FD/Assembly/QC_and_Genome_Assembly/submission.assembly.fasta,1408311,OrispFC2011,"seqfu cat --append ""|kraken:taxid|1408311""  OrispFC2011_FD/Assembly/QC_and_Genome_Assembly/submission.assembly.fasta > N_OrispFC2011.fasta"
 OrispKHPX15_FD/Assembly/QC_and_Genome_Assembly/submission.assembly.fasta,1855342,OrispKHPX15,"seqfu cat --append ""|kraken:taxid|1855342""  OrispKHPX15_FD/Assembly/QC_and_Genome_Assembly/submission.assembly.fasta > N_OrispKHPX15.fasta"
 OrispNK2B42_FD/Assembly/QC_and_Genome_Assembly/submission.assembly.fasta,689781,OrispNK2B42,"seqfu cat --append ""|kraken:taxid|689781""  OrispNK2B42_FD/Assembly/QC_and_Genome_Assembly/submission.assembly.fasta > N_OrispNK2B42.fasta"
 OrispP6A1_FD/Assembly/QC_and_Genome_Assembly/submission.assembly.fasta,1410612,OrispP6A1,"seqfu cat --append ""|kraken:taxid|1410612""  OrispP6A1_FD/Assembly/QC_and_Genome_Assembly/submission.assembly.fasta > N_OrispP6A1.fasta"
 OrispWCC10_FD/Assembly/QC_and_Genome_Assembly/submission.assembly.fasta,1855343,OrispWCC10,"seqfu cat --append ""|kraken:taxid|1855343""  OrispWCC10_FD/Assembly/QC_and_Genome_Assembly/submission.assembly.fasta > N_OrispWCC10.fasta"
 OscspPC13_FD/Assembly/QC_and_Genome_Assembly/submission.assembly.fasta,1855299,OscspPC13,"seqfu cat --append ""|kraken:taxid|1855299""  OscspPC13_FD/Assembly/QC_and_Genome_Assembly/submission.assembly.fasta > N_OscspPC13.fasta"
 PepbacVA2_FD/Assembly/QC_and_Genome_Assembly/final.assembly.fasta,1476973,PepbacVA2,"seqfu cat --append ""|kraken:taxid|1476973""  PepbacVA2_FD/Assembly/QC_and_Genome_Assembly/final.assembly.fasta > N_PepbacVA2.fasta"
 PepbacpGA8_FD/Assembly/QC_and_Genome_Assembly/assembly.fasta,1520829,PepbacpGA8,"seqfu cat --append ""|kraken:taxid|1520829""  PepbacpGA8_FD/Assembly/QC_and_Genome_Assembly/assembly.fasta > N_PepbacpGA8.fasta"
 PepanaC_FD/Assembly/QC_and_Genome_Assembly/assembly.fasta,1261,PepanaC,"seqfu cat --append ""|kraken:taxid|1261""  PepanaC_FD/Assembly/QC_and_Genome_Assembly/assembly.fasta > N_PepanaC.fasta"
 PeprusCalf135_FD/Assembly/QC_and_Genome_Assembly/submission.assembly.fasta,215200,PeprusCalf135,"seqfu cat --append ""|kraken:taxid|215200""  PeprusCalf135_FD/Assembly/QC_and_Genome_Assembly/submission.assembly.fasta > N_PeprusCalf135.fasta"
 PepspD1_FD/Assembly/QC_and_Genome_Assembly/assembly.fasta,72304,PepspD1,"seqfu cat --append ""|kraken:taxid|72304""  PepspD1_FD/Assembly/QC_and_Genome_Assembly/assembly.fasta > N_PepspD1.fasta"
 PorbacKH3CP3RA_FD/Assembly/QC_and_Genome_Assembly/submission.assembly.fasta,1855396,PorbacKH3CP3RA,"seqfu cat --append ""|kraken:taxid|1855396""  PorbacKH3CP3RA_FD/Assembly/QC_and_Genome_Assembly/submission.assembly.fasta > N_PorbacKH3CP3RA.fasta"
 PorbacKH3R12_FD/Assembly/QC_and_Genome_Assembly/submission.assembly.fasta,1855397,PorbacKH3R12,"seqfu cat --append ""|kraken:taxid|1855397""  PorbacKH3R12_FD/Assembly/QC_and_Genome_Assembly/submission.assembly.fasta > N_PorbacKH3R12.fasta"
 PorbacKHP3R9_FD/Assembly/QC_and_Genome_Assembly/submission.assembly.fasta,1855398,PorbacKHP3R9,"seqfu cat --append ""|kraken:taxid|1855398""  PorbacKHP3R9_FD/Assembly/QC_and_Genome_Assembly/submission.assembly.fasta > N_PorbacKHP3R9.fasta"
 PorbacNLAEzlC104_FD/Assembly/QC_and_Genome_Assembly/submission.assembly.fasta,1855399,PorbacNLAEzlC104,"seqfu cat --append ""|kraken:taxid|1855399""  PorbacNLAEzlC104_FD/Assembly/QC_and_Genome_Assembly/submission.assembly.fasta > N_PorbacNLAEzlC104.fasta"
 PrebreP6B11_FD/Assembly/QC_and_Genome_Assembly/submission.assembly.fasta,1410666,PrebreP6B11,"seqfu cat --append ""|kraken:taxid|1410666""  PrebreP6B11_FD/Assembly/QC_and_Genome_Assembly/submission.assembly.fasta > N_PrebreP6B11.fasta"
 PrebryC21a_FD/Assembly/QC_and_Genome_Assembly/submission.assembly.fasta,1280705,PrebryC21a,"seqfu cat --append ""|kraken:taxid|1280705""  PrebryC21a_FD/Assembly/QC_and_Genome_Assembly/submission.assembly.fasta > N_PrebryC21a.fasta"
 PrebryFB3001_FD/Assembly/QC_and_Genome_Assembly/submission.assembly.fasta,77095,PrebryFB3001,"seqfu cat --append ""|kraken:taxid|77095""  PrebryFB3001_FD/Assembly/QC_and_Genome_Assembly/submission.assembly.fasta > N_PrebryFB3001.fasta"
 PrebryKHPX14_FD/Assembly/QC_and_Genome_Assembly/submission.assembly.fasta,77095,PrebryKHPX14,"seqfu cat --append ""|kraken:taxid|77095""  PrebryKHPX14_FD/Assembly/QC_and_Genome_Assembly/submission.assembly.fasta > N_PrebryKHPX14.fasta"
 PrebacHUN156_FD/Assembly/QC_and_Genome_Assembly/assembly.fasta,1520830,PrebacHUN156,"seqfu cat --append ""|kraken:taxid|1520830""  PrebacHUN156_FD/Assembly/QC_and_Genome_Assembly/assembly.fasta > N_PrebacHUN156.fasta"
 PrebacKH2P17_FD/Assembly/QC_and_Genome_Assembly/submission.assembly.fasta,1945886,PrebacKH2P17,"seqfu cat --append ""|kraken:taxid|1945886""  PrebacKH2P17_FD/Assembly/QC_and_Genome_Assembly/submission.assembly.fasta > N_PrebacKH2P17.fasta"
 PrebacMN60_FD/Assembly/QC_and_Genome_Assembly/submission.assembly.fasta,1945887,PrebacMN60,"seqfu cat --append ""|kraken:taxid|1945887""  PrebacMN60_FD/Assembly/QC_and_Genome_Assembly/submission.assembly.fasta > N_PrebacMN60.fasta"
 PrerumAR32_FD/Assembly/QC_and_Genome_Assembly/submission.assembly.fasta,839,PrerumAR32,"seqfu cat --append ""|kraken:taxid|839""  PrerumAR32_FD/Assembly/QC_and_Genome_Assembly/submission.assembly.fasta > N_PrerumAR32.fasta"
 PrerumBPI34_FD/Assembly/QC_and_Genome_Assembly/submission.assembly.fasta,839,PrerumBPI34,"seqfu cat --append ""|kraken:taxid|839""  PrerumBPI34_FD/Assembly/QC_and_Genome_Assembly/submission.assembly.fasta > N_PrerumBPI34.fasta"
 PrerumBPI162_FD/Assembly/QC_and_Genome_Assembly/submission.assembly.fasta,839,PrerumBPI162,"seqfu cat --append ""|kraken:taxid|839""  PrerumBPI162_FD/Assembly/QC_and_Genome_Assembly/submission.assembly.fasta > N_PrerumBPI162.fasta"
 PrerumD31d_FD/Assembly/QC_and_Genome_Assembly/submission.assembly.fasta,839,PrerumD31d,"seqfu cat --append ""|kraken:taxid|839""  PrerumD31d_FD/Assembly/QC_and_Genome_Assembly/submission.assembly.fasta > N_PrerumD31d.fasta"
 PrerumGa6B6_FD/Assembly/QC_and_Genome_Assembly/submission.assembly.fasta,1410667,PrerumGa6B6,"seqfu cat --append ""|kraken:taxid|1410667""  PrerumGa6B6_FD/Assembly/QC_and_Genome_Assembly/submission.assembly.fasta > N_PrerumGa6B6.fasta"
 PrerumKHT3_FD/Assembly/QC_and_Genome_Assembly/submission.assembly.fasta,839,PrerumKHT3,"seqfu cat --append ""|kraken:taxid|839""  PrerumKHT3_FD/Assembly/QC_and_Genome_Assembly/submission.assembly.fasta > N_PrerumKHT3.fasta"
 PrespAGR2160_FD/Assembly/QC_and_Genome_Assembly/submission.assembly.fasta,1280674,PrespAGR2160,"seqfu cat --append ""|kraken:taxid|1280674""  PrespAGR2160_FD/Assembly/QC_and_Genome_Assembly/submission.assembly.fasta > N_PrespAGR2160.fasta"
 PrespBP1145_FD/Assembly/QC_and_Genome_Assembly/submission.assembly.fasta,2913614,PrespBP1145,"seqfu cat --append ""|kraken:taxid|2913614""  PrespBP1145_FD/Assembly/QC_and_Genome_Assembly/submission.assembly.fasta > N_PrespBP1145.fasta"
 PrespBP1148_FD/Assembly/QC_and_Genome_Assembly/submission.assembly.fasta,2913614,PrespBP1148,"seqfu cat --append ""|kraken:taxid|2913614""  PrespBP1148_FD/Assembly/QC_and_Genome_Assembly/submission.assembly.fasta > N_PrespBP1148.fasta"
 PrespFD3004_FD/Assembly/QC_and_Genome_Assembly/submission.assembly.fasta,1408309,PrespFD3004,"seqfu cat --append ""|kraken:taxid|1408309""  PrespFD3004_FD/Assembly/QC_and_Genome_Assembly/submission.assembly.fasta > N_PrespFD3004.fasta"
 PrespHUN102_FD/Assembly/QC_and_Genome_Assembly/final.assembly.fasta,1392486,PrespHUN102,"seqfu cat --append ""|kraken:taxid|1392486""  PrespHUN102_FD/Assembly/QC_and_Genome_Assembly/final.assembly.fasta > N_PrespHUN102.fasta"
 PrespKH1P2_FD/Assembly/QC_and_Genome_Assembly/submission.assembly.fasta,1761883,PrespKH1P2,"seqfu cat --append ""|kraken:taxid|1761883""  PrespKH1P2_FD/Assembly/QC_and_Genome_Assembly/submission.assembly.fasta > N_PrespKH1P2.fasta"
 PrespKH2C16_FD/Assembly/QC_and_Genome_Assembly/submission.assembly.fasta,1855325,PrespKH2C16,"seqfu cat --append ""|kraken:taxid|1855325""  PrespKH2C16_FD/Assembly/QC_and_Genome_Assembly/submission.assembly.fasta > N_PrespKH2C16.fasta"
 PrespKHP1_FD/Assembly/QC_and_Genome_Assembly/submission.assembly.fasta,1761884,PrespKHP1,"seqfu cat --append ""|kraken:taxid|1761884""  PrespKHP1_FD/Assembly/QC_and_Genome_Assembly/submission.assembly.fasta > N_PrespKHP1.fasta"
 PrespKHP7_FD/Assembly/QC_and_Genome_Assembly/submission.assembly.fasta,1761885,PrespKHP7,"seqfu cat --append ""|kraken:taxid|1761885""  PrespKHP7_FD/Assembly/QC_and_Genome_Assembly/submission.assembly.fasta > N_PrespKHP7.fasta"
 PrespLC2012_FD/Assembly/QC_and_Genome_Assembly/submission.assembly.fasta,1761886,PrespLC2012,"seqfu cat --append ""|kraken:taxid|1761886""  PrespLC2012_FD/Assembly/QC_and_Genome_Assembly/submission.assembly.fasta > N_PrespLC2012.fasta"
 PrespMA2016_FD/Assembly/QC_and_Genome_Assembly/submission.assembly.fasta,1408310,PrespMA2016,"seqfu cat --append ""|kraken:taxid|1408310""  PrespMA2016_FD/Assembly/QC_and_Genome_Assembly/submission.assembly.fasta > N_PrespMA2016.fasta"
 PrespNE3005_FD/Assembly/QC_and_Genome_Assembly/submission.assembly.fasta,1761887,PrespNE3005,"seqfu cat --append ""|kraken:taxid|1761887""  PrespNE3005_FD/Assembly/QC_and_Genome_Assembly/submission.assembly.fasta > N_PrespNE3005.fasta"
 PrespP6B1_FD/Assembly/QC_and_Genome_Assembly/submission.assembly.fasta,1410613,PrespP6B1,"seqfu cat --append ""|kraken:taxid|1410613""  PrespP6B1_FD/Assembly/QC_and_Genome_Assembly/submission.assembly.fasta > N_PrespP6B1.fasta"
 PrespP6B4_FD/Assembly/QC_and_Genome_Assembly/submission.assembly.fasta,1410614,PrespP6B4,"seqfu cat --append ""|kraken:taxid|1410614""  PrespP6B4_FD/Assembly/QC_and_Genome_Assembly/submission.assembly.fasta > N_PrespP6B4.fasta"
 PrevotellaspRM4_FD/Assembly/QC_and_Genome_Assembly/submission.assembly.fasta,1200547,PrevotellaspRM4,"seqfu cat --append ""|kraken:taxid|1200547""  PrevotellaspRM4_FD/Assembly/QC_and_Genome_Assembly/submission.assembly.fasta > N_PrevotellaspRM4.fasta"
 PrespTC224_FD/Assembly/QC_and_Genome_Assembly/submission.assembly.fasta,81582,PrespTC224,"seqfu cat --append ""|kraken:taxid|81582""  PrespTC224_FD/Assembly/QC_and_Genome_Assembly/submission.assembly.fasta > N_PrespTC224.fasta"
 PrespTC228_FD/Assembly/QC_and_Genome_Assembly/submission.assembly.fasta,1761888,PrespTC228,"seqfu cat --append ""|kraken:taxid|1761888""  PrespTC228_FD/Assembly/QC_and_Genome_Assembly/submission.assembly.fasta > N_PrespTC228.fasta"
 PrespTF25_FD/Assembly/QC_and_Genome_Assembly/submission.assembly.fasta,1761889,PrespTF25,"seqfu cat --append ""|kraken:taxid|1761889""  PrespTF25_FD/Assembly/QC_and_Genome_Assembly/submission.assembly.fasta > N_PrespTF25.fasta"
 ProbacP6A17_FD/Assembly/QC_and_Genome_Assembly/submission.assembly.fasta,1410634,ProbacP6A17,"seqfu cat --append ""|kraken:taxid|1410634""  ProbacP6A17_FD/Assembly/QC_and_Genome_Assembly/submission.assembly.fasta > N_ProbacP6A17.fasta"
 ProacnNLAEzlG260_FD/Assembly/QC_and_Genome_Assembly/submission.assembly.fasta,1747,ProacnNLAEzlG260,"seqfu cat --append ""|kraken:taxid|1747""  ProacnNLAEzlG260_FD/Assembly/QC_and_Genome_Assembly/submission.assembly.fasta > N_ProacnNLAEzlG260.fasta"
 ProrumDSM24773_FD/Assembly/QC_and_Genome_Assembly/submission.assembly.fasta,1410668,ProrumDSM24773,"seqfu cat --append ""|kraken:taxid|1410668""  ProrumDSM24773_FD/Assembly/QC_and_Genome_Assembly/submission.assembly.fasta > N_ProrumDSM24773.fasta"
 PromirNLAEzlC285_FD/Assembly/QC_and_Genome_Assembly/submission.assembly.fasta,584,PromirNLAEzlC285,"seqfu cat --append ""|kraken:taxid|584""  PromirNLAEzlC285_FD/Assembly/QC_and_Genome_Assembly/submission.assembly.fasta > N_PromirNLAEzlC285.fasta"
 PromirNLAEzlG534_FD/Assembly/QC_and_Genome_Assembly/submission.assembly.fasta,584,PromirNLAEzlG534,"seqfu cat --append ""|kraken:taxid|584""  PromirNLAEzlG534_FD/Assembly/QC_and_Genome_Assembly/submission.assembly.fasta > N_PromirNLAEzlG534.fasta"
 PserumACV9_FD/Assembly/QC_and_Genome_Assembly/assembly.fasta,46206,PserumACV9,"seqfu cat --append ""|kraken:taxid|46206""  PserumACV9_FD/Assembly/QC_and_Genome_Assembly/assembly.fasta > N_PserumACV9.fasta"
 PserumAD2017_FD/Assembly/QC_and_Genome_Assembly/submission.assembly.fasta,1280694,PserumAD2017,"seqfu cat --append ""|kraken:taxid|1280694""  PserumAD2017_FD/Assembly/QC_and_Genome_Assembly/submission.assembly.fasta > N_PserumAD2017.fasta"
 PserumCF1b_FD/Assembly/QC_and_Genome_Assembly/submission.assembly.fasta,1280688,PserumCF1b,"seqfu cat --append ""|kraken:taxid|1280688""  PserumCF1b_FD/Assembly/QC_and_Genome_Assembly/submission.assembly.fasta > N_PserumCF1b.fasta"
 PserumDSM9787_FD/Assembly/QC_and_Genome_Assembly/assembly.fasta,1123011,PserumDSM9787,"seqfu cat --append ""|kraken:taxid|1123011""  PserumDSM9787_FD/Assembly/QC_and_Genome_Assembly/assembly.fasta > N_PserumDSM9787.fasta"
 PserumHUN009_FD/Assembly/QC_and_Genome_Assembly/final.assembly.fasta,1458469,PserumHUN009,"seqfu cat --append ""|kraken:taxid|1458469""  PserumHUN009_FD/Assembly/QC_and_Genome_Assembly/final.assembly.fasta > N_PserumHUN009.fasta"
 Psesp49_FD/Assembly/QC_and_Genome_Assembly/submission.assembly.fasta,1855344,Psesp49,"seqfu cat --append ""|kraken:taxid|1855344""  Psesp49_FD/Assembly/QC_and_Genome_Assembly/submission.assembly.fasta > N_Psesp49.fasta"
 PsespACV2_FD/Assembly/QC_and_Genome_Assembly/assembly.fasta,1520801,PsespACV2,"seqfu cat --append ""|kraken:taxid|1520801""  PsespACV2_FD/Assembly/QC_and_Genome_Assembly/assembly.fasta > N_PsespACV2.fasta"
 PsespAR14_FD/Assembly/QC_and_Genome_Assembly/assembly.fasta,1520804,PsespAR14,"seqfu cat --append ""|kraken:taxid|1520804""  PsespAR14_FD/Assembly/QC_and_Genome_Assembly/assembly.fasta > N_PsespAR14.fasta"
 PsespC4_FD/Assembly/QC_and_Genome_Assembly/assembly.fasta,1520803,PsespC4,"seqfu cat --append ""|kraken:taxid|1520803""  PsespC4_FD/Assembly/QC_and_Genome_Assembly/assembly.fasta > N_PsespC4.fasta"
 PsespJW11_FD/Assembly/QC_and_Genome_Assembly/submission.assembly.fasta,1855302,PsespJW11,"seqfu cat --append ""|kraken:taxid|1855302""  PsespJW11_FD/Assembly/QC_and_Genome_Assembly/submission.assembly.fasta > N_PsespJW11.fasta"
 PsespLB2011_FD/Assembly/QC_and_Genome_Assembly/submission.assembly.fasta,1408312,PsespLB2011,"seqfu cat --append ""|kraken:taxid|1408312""  PsespLB2011_FD/Assembly/QC_and_Genome_Assembly/submission.assembly.fasta > N_PsespLB2011.fasta"
 PsespMD2005_FD/Assembly/QC_and_Genome_Assembly/submission.assembly.fasta,1410616,PsespMD2005,"seqfu cat --append ""|kraken:taxid|1410616""  PsespMD2005_FD/Assembly/QC_and_Genome_Assembly/submission.assembly.fasta > N_PsespMD2005.fasta"
 PsespNOR37_FD/Assembly/QC_and_Genome_Assembly/submission.assembly.fasta,1798168,PsespNOR37,"seqfu cat --append ""|kraken:taxid|1798168""  PsespNOR37_FD/Assembly/QC_and_Genome_Assembly/submission.assembly.fasta > N_PsespNOR37.fasta"
 PsespOR37_FD/Assembly/QC_and_Genome_Assembly/submission.assembly.fasta,1798186,PsespOR37,"seqfu cat --append ""|kraken:taxid|1798186""  PsespOR37_FD/Assembly/QC_and_Genome_Assembly/submission.assembly.fasta > N_PsespOR37.fasta"
 PsespUC1225_FD/Assembly/QC_and_Genome_Assembly/submission.assembly.fasta,1798185,PsespUC1225,"seqfu cat --append ""|kraken:taxid|1798185""  PsespUC1225_FD/Assembly/QC_and_Genome_Assembly/submission.assembly.fasta > N_PsespUC1225.fasta"
 PsespYE44_FD/Assembly/QC_and_Genome_Assembly/assembly.fasta,1520802,PsespYE44,"seqfu cat --append ""|kraken:taxid|1520802""  PsespYE44_FD/Assembly/QC_and_Genome_Assembly/assembly.fasta > N_PsespYE44.fasta"
 PsexylDSM10317_FD/Assembly/QC_and_Genome_Assembly/assembly.fasta,185007,PsexylDSM10317,"seqfu cat --append ""|kraken:taxid|185007""  PsexylDSM10317_FD/Assembly/QC_and_Genome_Assembly/assembly.fasta > N_PsexylDSM10317.fasta"
 RuabacKH17_FD/Assembly/QC_and_Genome_Assembly/submission.assembly.fasta,1945888,RuabacKH17,"seqfu cat --append ""|kraken:taxid|1945888""  RuabacKH17_FD/Assembly/QC_and_Genome_Assembly/submission.assembly.fasta > N_RuabacKH17.fasta"
 RumamyDSM1361_FD/Assembly/QC_and_Genome_Assembly/assembly.fasta,867,RumamyDSM1361,"seqfu cat --append ""|kraken:taxid|867""  RumamyDSM1361_FD/Assembly/QC_and_Genome_Assembly/assembly.fasta > N_RumamyDSM1361.fasta"
 RumamyRM87_FD/Assembly/QC_and_Genome_Assembly/submission.assembly.fasta,1200567,RumamyRM87,"seqfu cat --append ""|kraken:taxid|1200567""  RumamyRM87_FD/Assembly/QC_and_Genome_Assembly/submission.assembly.fasta > N_RumamyRM87.fasta"
 RumbacAB4001_FD/Assembly/QC_and_Genome_Assembly/submission.assembly.fasta,1410638,RumbacAB4001,"seqfu cat --append ""|kraken:taxid|1410638""  RumbacAB4001_FD/Assembly/QC_and_Genome_Assembly/submission.assembly.fasta > N_RumbacAB4001.fasta"
 RumbacAE2021_FD/Assembly/QC_and_Genome_Assembly/final.assembly.fasta,1392491,RumbacAE2021,"seqfu cat --append ""|kraken:taxid|1392491""  RumbacAE2021_FD/Assembly/QC_and_Genome_Assembly/final.assembly.fasta > N_RumbacAE2021.fasta"
 RumbacD5_FD/Assembly/QC_and_Genome_Assembly/assembly.fasta,1520815,RumbacD5,"seqfu cat --append ""|kraken:taxid|1520815""  RumbacD5_FD/Assembly/QC_and_Genome_Assembly/assembly.fasta > N_RumbacD5.fasta"
 RumbacFB2012_FD/Assembly/QC_and_Genome_Assembly/assembly.fasta,1520817,RumbacFB2012,"seqfu cat --append ""|kraken:taxid|1520817""  RumbacFB2012_FD/Assembly/QC_and_Genome_Assembly/assembly.fasta > N_RumbacFB2012.fasta"
 RumbacKH2T8_FD/Assembly/QC_and_Genome_Assembly/submission.assembly.fasta,1855400,RumbacKH2T8,"seqfu cat --append ""|kraken:taxid|1855400""  RumbacKH2T8_FD/Assembly/QC_and_Genome_Assembly/submission.assembly.fasta > N_RumbacKH2T8.fasta"
 RumbacKHP2_FD/Assembly/QC_and_Genome_Assembly/submission.assembly.fasta,2485925,RumbacKHP2,"seqfu cat --append ""|kraken:taxid|2485925""  RumbacKHP2_FD/Assembly/QC_and_Genome_Assembly/submission.assembly.fasta > N_RumbacKHP2.fasta"
 RumbacP7_FD/Assembly/QC_and_Genome_Assembly/assembly.fasta,1200751,RumbacP7,"seqfu cat --append ""|kraken:taxid|1200751""  RumbacP7_FD/Assembly/QC_and_Genome_Assembly/assembly.fasta > N_RumbacP7.fasta"
 RumbacR25_FD/Assembly/QC_and_Genome_Assembly/submission.assembly.fasta,2485925,RumbacR25,"seqfu cat --append ""|kraken:taxid|2485925""  RumbacR25_FD/Assembly/QC_and_Genome_Assembly/submission.assembly.fasta > N_RumbacR25.fasta"
 RumbacYAD3003_FD/Assembly/QC_and_Genome_Assembly/assembly.fasta,1520816,RumbacYAD3003,"seqfu cat --append ""|kraken:taxid|1520816""  RumbacYAD3003_FD/Assembly/QC_and_Genome_Assembly/assembly.fasta > N_RumbacYAD3003.fasta"
 RumbacYRB3002_FD/Assembly/QC_and_Genome_Assembly/assembly.fasta,1520819,RumbacYRB3002,"seqfu cat --append ""|kraken:taxid|1520819""  RumbacYRB3002_FD/Assembly/QC_and_Genome_Assembly/assembly.fasta > N_RumbacYRB3002.fasta"
 RumalbAR67_FD/Assembly/QC_and_Genome_Assembly/assembly.fasta,1264,RumalbAR67,"seqfu cat --append ""|kraken:taxid|1264""  RumalbAR67_FD/Assembly/QC_and_Genome_Assembly/assembly.fasta > N_RumalbAR67.fasta"
 RumalbKH2T6_FD/Assembly/QC_and_Genome_Assembly/submission.assembly.fasta,1264,RumalbKH2T6,"seqfu cat --append ""|kraken:taxid|1264""  RumalbKH2T6_FD/Assembly/QC_and_Genome_Assembly/submission.assembly.fasta > N_RumalbKH2T6.fasta"
 RumflaMA2007_FD/Assembly/QC_and_Genome_Assembly/submission.assembly.fasta,1410670,RumflaMA2007,"seqfu cat --append ""|kraken:taxid|1410670""  RumflaMA2007_FD/Assembly/QC_and_Genome_Assembly/submission.assembly.fasta > N_RumflaMA2007.fasta"
 RumflaND2009_FD/Assembly/QC_and_Genome_Assembly/submission.assembly.fasta,1410672,RumflaND2009,"seqfu cat --append ""|kraken:taxid|1410672""  RumflaND2009_FD/Assembly/QC_and_Genome_Assembly/submission.assembly.fasta > N_RumflaND2009.fasta"
 RumflaSAb67_FD/Assembly/QC_and_Genome_Assembly/assembly.fasta,1265,RumflaSAb67,"seqfu cat --append ""|kraken:taxid|1265""  RumflaSAb67_FD/Assembly/QC_and_Genome_Assembly/assembly.fasta > N_RumflaSAb67.fasta"
 RumflaY1_FD/Assembly/QC_and_Genome_Assembly/submission.assembly.fasta,1265,RumflaY1,"seqfu cat --append ""|kraken:taxid|1265""  RumflaY1_FD/Assembly/QC_and_Genome_Assembly/submission.assembly.fasta > N_RumflaY1.fasta"
 Selbov8141_FD/Assembly/QC_and_Genome_Assembly/submission.assembly.fasta,1265,Selbov8141,"seqfu cat --append ""|kraken:taxid|1265""  Selbov8141_FD/Assembly/QC_and_Genome_Assembly/submission.assembly.fasta > N_Selbov8141.fasta"
 RumflaYL228_FD/Assembly/QC_and_Genome_Assembly/assembly.fasta,1265,RumflaYL228,"seqfu cat --append ""|kraken:taxid|1265""  RumflaYL228_FD/Assembly/QC_and_Genome_Assembly/assembly.fasta > N_RumflaYL228.fasta"
 RumspFC2018_FD/Assembly/QC_and_Genome_Assembly/submission.assembly.fasta,1410617,RumspFC2018,"seqfu cat --append ""|kraken:taxid|1410617""  RumspFC2018_FD/Assembly/QC_and_Genome_Assembly/submission.assembly.fasta > N_RumspFC2018.fasta"
 RumspHUN007_FD/Assembly/QC_and_Genome_Assembly/finalContigs.fasta,1514668,RumspHUN007,"seqfu cat --append ""|kraken:taxid|1514668""  RumspHUN007_FD/Assembly/QC_and_Genome_Assembly/finalContigs.fasta > N_RumspHUN007.fasta"
 RumspNK3A76_FD/Assembly/QC_and_Genome_Assembly/final.assembly.fasta,877411,RumspNK3A76,"seqfu cat --append ""|kraken:taxid|877411""  RumspNK3A76_FD/Assembly/QC_and_Genome_Assembly/final.assembly.fasta > N_RumspNK3A76.fasta"
 RumspYE71_FD/Assembly/QC_and_Genome_Assembly/assembly.fasta,244362,RumspYE71,"seqfu cat --append ""|kraken:taxid|244362""  RumspYE71_FD/Assembly/QC_and_Genome_Assembly/assembly.fasta > N_RumspYE71.fasta"
 RumspYE78_FD/Assembly/QC_and_Genome_Assembly/assembly.fasta,1352374,RumspYE78,"seqfu cat --append ""|kraken:taxid|1352374""  RumspYE78_FD/Assembly/QC_and_Genome_Assembly/assembly.fasta > N_RumspYE78.fasta"
 SarspDSM11001_FD/Assembly/QC_and_Genome_Assembly/submission.assembly.fasta,1798184,SarspDSM11001,"seqfu cat --append ""|kraken:taxid|1798184""  SarspDSM11001_FD/Assembly/QC_and_Genome_Assembly/submission.assembly.fasta > N_SarspDSM11001.fasta"
 SelrumAC2024_FD/Assembly/QC_and_Genome_Assembly/final.assembly.fasta,1392501,SelrumAC2024,"seqfu cat --append ""|kraken:taxid|1392501""  SelrumAC2024_FD/Assembly/QC_and_Genome_Assembly/final.assembly.fasta > N_SelrumAC2024.fasta"
 SelrumATCC12561_FD/Assembly/QC_and_Genome_Assembly/submission.assembly.fasta,1280706,SelrumATCC12561,"seqfu cat --append ""|kraken:taxid|1280706""  SelrumATCC12561_FD/Assembly/QC_and_Genome_Assembly/submission.assembly.fasta > N_SelrumATCC12561.fasta"
 SelrumC3_FD/Assembly/QC_and_Genome_Assembly/assembly.fasta,971,SelrumC3,"seqfu cat --append ""|kraken:taxid|971""  SelrumC3_FD/Assembly/QC_and_Genome_Assembly/assembly.fasta > N_SelrumC3.fasta"
 SelrumHD4_FD/Assembly/QC_and_Genome_Assembly/submission.assembly.fasta,971,SelrumHD4,"seqfu cat --append ""|kraken:taxid|971""  SelrumHD4_FD/Assembly/QC_and_Genome_Assembly/submission.assembly.fasta > N_SelrumHD4.fasta"
 SelrumL14_FD/Assembly/QC_and_Genome_Assembly/submission.assembly.fasta,971,SelrumL14,"seqfu cat --append ""|kraken:taxid|971""  SelrumL14_FD/Assembly/QC_and_Genome_Assembly/submission.assembly.fasta > N_SelrumL14.fasta"
 SelrumZ108_FD/Assembly/QC_and_Genome_Assembly/submission.assembly.fasta,971,SelrumZ108,"seqfu cat --append ""|kraken:taxid|971""  SelrumZ108_FD/Assembly/QC_and_Genome_Assembly/submission.assembly.fasta > N_SelrumZ108.fasta"
 SelrumlacDSM2872_FD/Assembly/QC_and_Genome_Assembly/assembly.fasta,971,SelrumlacDSM2872,"seqfu cat --append ""|kraken:taxid|971""  SelrumlacDSM2872_FD/Assembly/QC_and_Genome_Assembly/assembly.fasta > N_SelrumlacDSM2872.fasta"
 SelrumS137_FD/Assembly/QC_and_Genome_Assembly/submission.assembly.fasta,971,SelrumS137,"seqfu cat --append ""|kraken:taxid|971""  SelrumS137_FD/Assembly/QC_and_Genome_Assembly/submission.assembly.fasta > N_SelrumS137.fasta"
 SelspAE3005_FD/Assembly/QC_and_Genome_Assembly/submission.assembly.fasta,1485543,SelspAE3005,"seqfu cat --append ""|kraken:taxid|1485543""  SelspAE3005_FD/Assembly/QC_and_Genome_Assembly/submission.assembly.fasta > N_SelspAE3005.fasta"
 SelspFC4001_FD/Assembly/QC_and_Genome_Assembly/submission.assembly.fasta,1408313,SelspFC4001,"seqfu cat --append ""|kraken:taxid|1408313""  SelspFC4001_FD/Assembly/QC_and_Genome_Assembly/submission.assembly.fasta > N_SelspFC4001.fasta"
 SelspND2010_FD/Assembly/QC_and_Genome_Assembly/submission.assembly.fasta,1410618,SelspND2010,"seqfu cat --append ""|kraken:taxid|1410618""  SelspND2010_FD/Assembly/QC_and_Genome_Assembly/submission.assembly.fasta > N_SelspND2010.fasta"
 ShaazaDSM18934_FD/Assembly/QC_and_Genome_Assembly/submission.assembly.fasta,1410674,ShaazaDSM18934,"seqfu cat --append ""|kraken:taxid|1410674""  ShaazaDSM18934_FD/Assembly/QC_and_Genome_Assembly/submission.assembly.fasta > N_ShaazaDSM18934.fasta"
 ShaazaDSM20406_FD/Assembly/QC_and_Genome_Assembly/submission.assembly.fasta,322505,ShaazaDSM20406,"seqfu cat --append ""|kraken:taxid|322505""  ShaazaDSM20406_FD/Assembly/QC_and_Genome_Assembly/submission.assembly.fasta > N_ShaazaDSM20406.fasta"
 ShaazaKH1P5_FD/Assembly/QC_and_Genome_Assembly/submission.assembly.fasta,322505,ShaazaKH1P5,"seqfu cat --append ""|kraken:taxid|322505""  ShaazaKH1P5_FD/Assembly/QC_and_Genome_Assembly/submission.assembly.fasta > N_ShaazaKH1P5.fasta"
 ShaazaKH2P10_FD/Assembly/QC_and_Genome_Assembly/submission.assembly.fasta,322505,ShaazaKH2P10,"seqfu cat --append ""|kraken:taxid|322505""  ShaazaKH2P10_FD/Assembly/QC_and_Genome_Assembly/submission.assembly.fasta > N_ShaazaKH2P10.fasta"
 ShisonNLAEzlG496_FD/Assembly/QC_and_Genome_Assembly/submission.assembly.fasta,624,ShisonNLAEzlG496,"seqfu cat --append ""|kraken:taxid|624""  ShisonNLAEzlG496_FD/Assembly/QC_and_Genome_Assembly/submission.assembly.fasta > N_ShisonNLAEzlG496.fasta"
 StaepiAG42_FD/Assembly/QC_and_Genome_Assembly/final.assembly.fasta,1458470,StaepiAG42,"seqfu cat --append ""|kraken:taxid|1458470""  StaepiAG42_FD/Assembly/QC_and_Genome_Assembly/final.assembly.fasta > N_StaepiAG42.fasta"
 StaepiNLAEzlG239_FD/Assembly/QC_and_Genome_Assembly/submission.assembly.fasta,1282,StaepiNLAEzlG239,"seqfu cat --append ""|kraken:taxid|1282""  StaepiNLAEzlG239_FD/Assembly/QC_and_Genome_Assembly/submission.assembly.fasta > N_StaepiNLAEzlG239.fasta"
 Strbov2B_FD/Assembly/QC_and_Genome_Assembly/submission.assembly.fasta,1410675,Strbov2B,"seqfu cat --append ""|kraken:taxid|1410675""  Strbov2B_FD/Assembly/QC_and_Genome_Assembly/submission.assembly.fasta > N_Strbov2B.fasta"
 StrbovAG46_FD/Assembly/QC_and_Genome_Assembly/final.assembly.fasta,1335,StrbovAG46,"seqfu cat --append ""|kraken:taxid|1335""  StrbovAG46_FD/Assembly/QC_and_Genome_Assembly/final.assembly.fasta > N_StrbovAG46.fasta"
 StrbovB315_FD/Assembly/QC_and_Genome_Assembly/submission.assembly.fasta,1280690,StrbovB315,"seqfu cat --append ""|kraken:taxid|1280690""  StrbovB315_FD/Assembly/QC_and_Genome_Assembly/submission.assembly.fasta > N_StrbovB315.fasta"
 StrbovC277_FD/Assembly/QC_and_Genome_Assembly/submission.assembly.fasta,1335,StrbovC277,"seqfu cat --append ""|kraken:taxid|1335""  StrbovC277_FD/Assembly/QC_and_Genome_Assembly/submission.assembly.fasta > N_StrbovC277.fasta"
 StrbovES1_FD/Assembly/QC_and_Genome_Assembly/submission.assembly.fasta,1335,StrbovES1,"seqfu cat --append ""|kraken:taxid|1335""  StrbovES1_FD/Assembly/QC_and_Genome_Assembly/submission.assembly.fasta > N_StrbovES1.fasta"
 StrbovJB1_FD/Assembly/QC_and_Genome_Assembly/assembly.fasta,1294274,StrbovJB1,"seqfu cat --append ""|kraken:taxid|1294274""  StrbovJB1_FD/Assembly/QC_and_Genome_Assembly/assembly.fasta > N_StrbovJB1.fasta"
 StrbovSN033_FD/Assembly/QC_and_Genome_Assembly/submission.assembly.fasta,1280704,StrbovSN033,"seqfu cat --append ""|kraken:taxid|1280704""  StrbovSN033_FD/Assembly/QC_and_Genome_Assembly/submission.assembly.fasta > N_StrbovSN033.fasta"
 StrequAR3_FD/Assembly/QC_and_Genome_Assembly/submission.assembly.fasta,1335,StrequAR3,"seqfu cat --append ""|kraken:taxid|1335""  StrequAR3_FD/Assembly/QC_and_Genome_Assembly/submission.assembly.fasta > N_StrequAR3.fasta"
 StrequGA1_FD/Assembly/QC_and_Genome_Assembly/assembly.fasta,1335,StrequGA1,"seqfu cat --append ""|kraken:taxid|1335""  StrequGA1_FD/Assembly/QC_and_Genome_Assembly/assembly.fasta > N_StrequGA1.fasta"
 StrequH24_FD/Assembly/QC_and_Genome_Assembly/submission.assembly.fasta,1335,StrequH24,"seqfu cat --append ""|kraken:taxid|1335""  StrequH24_FD/Assembly/QC_and_Genome_Assembly/submission.assembly.fasta > N_StrequH24.fasta"
 StrequMPR1_FD/Assembly/QC_and_Genome_Assembly/submission.assembly.fasta,1335,StrequMPR1,"seqfu cat --append ""|kraken:taxid|1335""  StrequMPR1_FD/Assembly/QC_and_Genome_Assembly/submission.assembly.fasta > N_StrequMPR1.fasta"
 StrequMPR2_FD/Assembly/QC_and_Genome_Assembly/submission.assembly.fasta,1335,StrequMPR2,"seqfu cat --append ""|kraken:taxid|1335""  StrequMPR2_FD/Assembly/QC_and_Genome_Assembly/submission.assembly.fasta > N_StrequMPR2.fasta"
 StrequMPR4_FD/Assembly/QC_and_Genome_Assembly/submission.assembly.fasta,1335,StrequMPR4,"seqfu cat --append ""|kraken:taxid|1335""  StrequMPR4_FD/Assembly/QC_and_Genome_Assembly/submission.assembly.fasta > N_StrequMPR4.fasta"
 StrequSI_FD/Assembly/QC_and_Genome_Assembly/submission.assembly.fasta,1335,StrequSI,"seqfu cat --append ""|kraken:taxid|1335""  StrequSI_FD/Assembly/QC_and_Genome_Assembly/submission.assembly.fasta > N_StrequSI.fasta"
 StrequSb04_FD/Assembly/QC_and_Genome_Assembly/submission.assembly.fasta,1335,StrequSb04,"seqfu cat --append ""|kraken:taxid|1335""  StrequSb04_FD/Assembly/QC_and_Genome_Assembly/submission.assembly.fasta > N_StrequSb04.fasta"
 StrequSb05_FD/Assembly/QC_and_Genome_Assembly/submission.assembly.fasta,1335,StrequSb05,"seqfu cat --append ""|kraken:taxid|1335""  StrequSb05_FD/Assembly/QC_and_Genome_Assembly/submission.assembly.fasta > N_StrequSb05.fasta"
 StrequSb09_FD/Assembly/QC_and_Genome_Assembly/submission.assembly.fasta,1335,StrequSb09,"seqfu cat --append ""|kraken:taxid|1335""  StrequSb09_FD/Assembly/QC_and_Genome_Assembly/submission.assembly.fasta > N_StrequSb09.fasta"
 StrequSb10_FD/Assembly/QC_and_Genome_Assembly/submission.assembly.fasta,1335,StrequSb10,"seqfu cat --append ""|kraken:taxid|1335""  StrequSb10_FD/Assembly/QC_and_Genome_Assembly/submission.assembly.fasta > N_StrequSb10.fasta"
 StrequSb13_FD/Assembly/QC_and_Genome_Assembly/submission.assembly.fasta,1335,StrequSb13,"seqfu cat --append ""|kraken:taxid|1335""  StrequSb13_FD/Assembly/QC_and_Genome_Assembly/submission.assembly.fasta > N_StrequSb13.fasta"
 StrequSb17_FD/Assembly/QC_and_Genome_Assembly/submission.assembly.fasta,1335,StrequSb17,"seqfu cat --append ""|kraken:taxid|1335""  StrequSb17_FD/Assembly/QC_and_Genome_Assembly/submission.assembly.fasta > N_StrequSb17.fasta"
 StrequYe01_FD/Assembly/QC_and_Genome_Assembly/submission.assembly.fasta,1335,StrequYe01,"seqfu cat --append ""|kraken:taxid|1335""  StrequYe01_FD/Assembly/QC_and_Genome_Assembly/submission.assembly.fasta > N_StrequYe01.fasta"
 StrequpGA7_FD/Assembly/QC_and_Genome_Assembly/submission.assembly.fasta,1335,StrequpGA7,"seqfu cat --append ""|kraken:taxid|1335""  StrequpGA7_FD/Assembly/QC_and_Genome_Assembly/submission.assembly.fasta > N_StrequpGA7.fasta"
 StrequpR5_FD/Assembly/QC_and_Genome_Assembly/submission.assembly.fasta,1335,StrequpR5,"seqfu cat --append ""|kraken:taxid|1335""  StrequpR5_FD/Assembly/QC_and_Genome_Assembly/submission.assembly.fasta > N_StrequpR5.fasta"
 StrgalLMG15572_FD/Assembly/QC_and_Genome_Assembly/submission.assembly.fasta,315405,StrgalLMG15572,"seqfu cat --append ""|kraken:taxid|315405""  StrgalLMG15572_FD/Assembly/QC_and_Genome_Assembly/submission.assembly.fasta > N_StrgalLMG15572.fasta"
 StrgalVTM1R27_FD/Assembly/QC_and_Genome_Assembly/assembly.fasta,315405,StrgalVTM1R27,"seqfu cat --append ""|kraken:taxid|315405""  StrgalVTM1R27_FD/Assembly/QC_and_Genome_Assembly/assembly.fasta > N_StrgalVTM1R27.fasta"
 StrgalVTM1R29_FD/Assembly/QC_and_Genome_Assembly/submission.assembly.fasta,315405,StrgalVTM1R29,"seqfu cat --append ""|kraken:taxid|315405""  StrgalVTM1R29_FD/Assembly/QC_and_Genome_Assembly/submission.assembly.fasta > N_StrgalVTM1R29.fasta"
 StrgalVTM2R47_FD/Assembly/QC_and_Genome_Assembly/submission.assembly.fasta,315405,StrgalVTM2R47,"seqfu cat --append ""|kraken:taxid|315405""  StrgalVTM2R47_FD/Assembly/QC_and_Genome_Assembly/submission.assembly.fasta > N_StrgalVTM2R47.fasta"
 StrgalVTM3R24_FD/Assembly/QC_and_Genome_Assembly/submission.assembly.fasta,315405,StrgalVTM3R24,"seqfu cat --append ""|kraken:taxid|315405""  StrgalVTM3R24_FD/Assembly/QC_and_Genome_Assembly/submission.assembly.fasta > N_StrgalVTM3R24.fasta"
 StrgalVTM3R42_FD/Assembly/QC_and_Genome_Assembly/submission.assembly.fasta,315405,StrgalVTM3R42,"seqfu cat --append ""|kraken:taxid|315405""  StrgalVTM3R42_FD/Assembly/QC_and_Genome_Assembly/submission.assembly.fasta > N_StrgalVTM3R42.fasta"
 StrhenA4_FD/Assembly/QC_and_Genome_Assembly/assembly.fasta,439219,StrhenA4,"seqfu cat --append ""|kraken:taxid|439219""  StrhenA4_FD/Assembly/QC_and_Genome_Assembly/assembly.fasta > N_StrhenA4.fasta"
 Strsp45_FD/Assembly/QC_and_Genome_Assembly/submission.assembly.fasta,1855326,Strsp45,"seqfu cat --append ""|kraken:taxid|1855326""  Strsp45_FD/Assembly/QC_and_Genome_Assembly/submission.assembly.fasta > N_Strsp45.fasta"
 StrspNLAEzlC503_FD/Assembly/QC_and_Genome_Assembly/submission.assembly.fasta,1855327,StrspNLAEzlC503,"seqfu cat --append ""|kraken:taxid|1855327""  StrspNLAEzlC503_FD/Assembly/QC_and_Genome_Assembly/submission.assembly.fasta > N_StrspNLAEzlC503.fasta"
 SucrumDSM9236_FD/Assembly/QC_and_Genome_Assembly/submission.assembly.fasta,1123323,SucrumDSM9236,"seqfu cat --append ""|kraken:taxid|1123323""  SucrumDSM9236_FD/Assembly/QC_and_Genome_Assembly/submission.assembly.fasta > N_SucrumDSM9236.fasta"
 SucrumDSM11005_FD/Assembly/QC_and_Genome_Assembly/submission.assembly.fasta,40841,SucrumDSM11005,"seqfu cat --append ""|kraken:taxid|40841""  SucrumDSM11005_FD/Assembly/QC_and_Genome_Assembly/submission.assembly.fasta > N_SucrumDSM11005.fasta"
 Sucdex22B_FD/Assembly/QC_and_Genome_Assembly/submission.assembly.fasta,83771,Sucdex22B,"seqfu cat --append ""|kraken:taxid|83771""  Sucdex22B_FD/Assembly/QC_and_Genome_Assembly/submission.assembly.fasta > N_Sucdex22B.fasta"
 SucdexACV10_FD/Assembly/QC_and_Genome_Assembly/assembly.fasta,83771,SucdexACV10,"seqfu cat --append ""|kraken:taxid|83771""  SucdexACV10_FD/Assembly/QC_and_Genome_Assembly/assembly.fasta > N_SucdexACV10.fasta"
 SucdexH5_FD/Assembly/QC_and_Genome_Assembly/submission.assembly.fasta,1410676,SucdexH5,"seqfu cat --append ""|kraken:taxid|1410676""  SucdexH5_FD/Assembly/QC_and_Genome_Assembly/submission.assembly.fasta > N_SucdexH5.fasta"
 TrebryB25_FD/Assembly/QC_and_Genome_Assembly/submission.assembly.fasta,163,TrebryB25,"seqfu cat --append ""|kraken:taxid|163""  TrebryB25_FD/Assembly/QC_and_Genome_Assembly/submission.assembly.fasta > N_TrebryB25.fasta"
 TrebryNK4A124_FD/Assembly/QC_and_Genome_Assembly/submission.assembly.fasta,877418,TrebryNK4A124,"seqfu cat --append ""|kraken:taxid|877418""  TrebryNK4A124_FD/Assembly/QC_and_Genome_Assembly/submission.assembly.fasta > N_TrebryNK4A124.fasta"
 TrebryXBD1002_FD/Assembly/QC_and_Genome_Assembly/submission.assembly.fasta,163,TrebryXBD1002,"seqfu cat --append ""|kraken:taxid|163""  TrebryXBD1002_FD/Assembly/QC_and_Genome_Assembly/submission.assembly.fasta > N_TrebryXBD1002.fasta"
