  inflating, AcerumDSM5522_FD/Assembly/QC_and_Genome_Assembly/submission.assembly.fasta,, AcerumDSM5522,FD,Assembly,QC_and_Genome_Assembly,submission.assembly.fasta,
  inflating, AciferpGA4_FD/Assembly/QC_and_Genome_Assembly/assembly.fasta,, AciferpGA4,FD,Assembly,QC_and_Genome_Assembly,assembly.fasta,
  inflating, AciferWCC6_FD/Assembly/QC_and_Genome_Assembly/submission.assembly.fasta,, AciferWCC6,FD,Assembly,QC_and_Genome_Assembly,submission.assembly.fasta,
  inflating, AcispDSM11652_FD/Assembly/QC_and_Genome_Assembly/submission.assembly.fasta,, AcispDSM11652,FD,Assembly,QC_and_Genome_Assembly,submission.assembly.fasta,
  inflating, ActdenPA_FD/Assembly/QC_and_Genome_Assembly/submission.assembly.fasta,, ActdenPA,FD,Assembly,QC_and_Genome_Assembly,submission.assembly.fasta,
  inflating, ActnasKPR1_FD/Assembly/QC_and_Genome_Assembly/assembly.fasta,, ActnasKPR1,FD,Assembly,QC_and_Genome_Assembly,assembly.fasta,
  inflating, ActrumDSM27982_FD/Assembly/QC_and_Genome_Assembly/submission.assembly.fasta,, ActrumDSM27982,FD,Assembly,QC_and_Genome_Assembly,submission.assembly.fasta,
  inflating, ActrumKPR7B_FD/Assembly/QC_and_Genome_Assembly/submission.assembly.fasta,, ActrumKPR7B,FD,Assembly,QC_and_Genome_Assembly,submission.assembly.fasta,
  inflating, AllhisDSM15230_FD/Assembly/QC_and_Genome_Assembly/assembly.fasta,, AllhisDSM15230,FD,Assembly,QC_and_Genome_Assembly,assembly.fasta,
  inflating, AnalipLB2005_FD/Assembly/QC_and_Genome_Assembly/submission.assembly.fasta,, AnalipLB2005,FD,Assembly,QC_and_Genome_Assembly,submission.assembly.fasta,
  inflating, AnaspRM50_FD/Assembly/QC_and_Genome_Assembly/submission.assembly.fasta,, AnaspRM50,FD,Assembly,QC_and_Genome_Assembly,submission.assembly.fasta,
  inflating, BacbacKHT7_FD/Assembly/QC_and_Genome_Assembly/submission.assembly.fasta,, BacbacKHT7,FD,Assembly,QC_and_Genome_Assembly,submission.assembly.fasta,
  inflating, BacbacWCE2004_FD/Assembly/QC_and_Genome_Assembly/submission.assembly.fasta,, BacbacWCE2004,FD,Assembly,QC_and_Genome_Assembly,submission.assembly.fasta,
  inflating, BacbacWCE2008_FD/Assembly/QC_and_Genome_Assembly/submission.assembly.fasta,, BacbacWCE2008,FD,Assembly,QC_and_Genome_Assembly,submission.assembly.fasta,
  inflating, BaccerKPR7A_FD/Assembly/QC_and_Genome_Assembly/submission.assembly.fasta,, BaccerKPR7A,FD,Assembly,QC_and_Genome_Assembly,submission.assembly.fasta,
  inflating, BaclicVTM3R78_FD/Assembly/QC_and_Genome_Assembly/submission.assembly.fasta,, BaclicVTM3R78,FD,Assembly,QC_and_Genome_Assembly,submission.assembly.fasta,
  inflating, BacovaNLAEzlC500_FD/Assembly/QC_and_Genome_Assembly/submission.assembly.fasta,, BacovaNLAEzlC500,FD,Assembly,QC_and_Genome_Assembly,submission.assembly.fasta,
  inflating, BacovaNLAEzlC57_FD/Assembly/QC_and_Genome_Assembly/submission.assembly.fasta,, BacovaNLAEzlC57,FD,Assembly,QC_and_Genome_Assembly,submission.assembly.fasta,
  inflating, BacphaphiBrb01_FD/Assembly/QC_and_Genome_Assembly/assembly.fasta,, BacphaphiBrb01,FD,Assembly,QC_and_Genome_Assembly,assembly.fasta,
  inflating, BacphaphiBrb02_FD/Assembly/QC_and_Genome_Assembly/submission.assembly.fasta,, BacphaphiBrb02,FD,Assembly,QC_and_Genome_Assembly,submission.assembly.fasta,
  inflating, BacspAR20_FD/Assembly/QC_and_Genome_Assembly/assembly.fasta,, BacspAR20,FD,Assembly,QC_and_Genome_Assembly,assembly.fasta,
  inflating, BacspAR29_FD/Assembly/QC_and_Genome_Assembly/assembly.fasta,, BacspAR29,FD,Assembly,QC_and_Genome_Assembly,assembly.fasta,
  inflating, BacspGa6A1_FD/Assembly/QC_and_Genome_Assembly/submission.assembly.fasta,, BacspGa6A1,FD,Assembly,QC_and_Genome_Assembly,submission.assembly.fasta,
  inflating, BacspGa6A2_FD/Assembly/QC_and_Genome_Assembly/submission.assembly.fasta,, BacspGa6A2,FD,Assembly,QC_and_Genome_Assembly,submission.assembly.fasta,
  inflating, BacspMB2021_FD/Assembly/QC_and_Genome_Assembly/submission.assembly.fasta,, BacspMB2021,FD,Assembly,QC_and_Genome_Assembly,submission.assembly.fasta,
  inflating, BactheKPPR3_FD/Assembly/QC_and_Genome_Assembly/assembly.fasta,, BactheKPPR3,FD,Assembly,QC_and_Genome_Assembly,assembly.fasta,
  inflating, BactheNLAEzlC579_FD/Assembly/QC_and_Genome_Assembly/submission.assembly.fasta,, BactheNLAEzlC579,FD,Assembly,QC_and_Genome_Assembly,submission.assembly.fasta,
  inflating, BacvulNLAEzlG202_FD/Assembly/QC_and_Genome_Assembly/submission.assembly.fasta,, BacvulNLAEzlG202,FD,Assembly,QC_and_Genome_Assembly,submission.assembly.fasta,
  inflating, BacxylNLAEzlC202_FD/Assembly/QC_and_Genome_Assembly/submission.assembly.fasta,, BacxylNLAEzlC202,FD,Assembly,QC_and_Genome_Assembly,submission.assembly.fasta,
  inflating, BacxylNLAEzlG339_FD/Assembly/QC_and_Genome_Assembly/submission.assembly.fasta,, BacxylNLAEzlG339,FD,Assembly,QC_and_Genome_Assembly,submission.assembly.fasta,
inflating, BassucDSM22022_FD/Assembly/QC_and_Genome_Assembly/assembly.fasta,, BassucDSM22022,FD,Assembly,QC_and_Genome_Assembly,assembly.fasta,
  inflating, BassucKPR2_FD/Assembly/QC_and_Genome_Assembly/assembly.fasta,, BassucKPR2,FD,Assembly,QC_and_Genome_Assembly,assembly.fasta,
  inflating, BifadoDSM20087_FD/Assembly/QC_and_Genome_Assembly/submission.assembly.fasta,, BifadoDSM20087,FD,Assembly,QC_and_Genome_Assembly,submission.assembly.fasta,
  inflating, BifbifCalf96_FD/Assembly/QC_and_Genome_Assembly/submission.assembly.fasta,, BifbifCalf96,FD,Assembly,QC_and_Genome_Assembly,submission.assembly.fasta,
  inflating, BifbouDSM20432_FD/Assembly/QC_and_Genome_Assembly/submission.assembly.fasta,, BifbouDSM20432,FD,Assembly,QC_and_Genome_Assembly,submission.assembly.fasta,
  inflating, BifbreRP2_FD/Assembly/QC_and_Genome_Assembly/submission.assembly.fasta,, BifbreRP2,FD,Assembly,QC_and_Genome_Assembly,submission.assembly.fasta,
  inflating, BiflonAGR2137_FD/Assembly/QC_and_Genome_Assembly/submission.assembly.fasta,, BiflonAGR2137,FD,Assembly,QC_and_Genome_Assembly,submission.assembly.fasta,
  inflating, BifmerDSM6492_FD/Assembly/QC_and_Genome_Assembly/submission.assembly.fasta,, BifmerDSM6492,FD,Assembly,QC_and_Genome_Assembly,submission.assembly.fasta,
  inflating, BifpseAGR2145_FD/Assembly/QC_and_Genome_Assembly/submission.assembly.fasta,, BifpseAGR2145,FD,Assembly,QC_and_Genome_Assembly,submission.assembly.fasta,
  inflating, BifpseglDSM20092_FD/Assembly/QC_and_Genome_Assembly/submission.assembly.fasta,, BifpseglDSM20092,FD,Assembly,QC_and_Genome_Assembly,submission.assembly.fasta,
  inflating, BifrumDSM6489_FD/Assembly/QC_and_Genome_Assembly/submission.assembly.fasta,, BifrumDSM6489,FD,Assembly,QC_and_Genome_Assembly,submission.assembly.fasta,
  inflating, BifspAGR2158_FD/Assembly/QC_and_Genome_Assembly/submission.assembly.fasta,, BifspAGR2158,FD,Assembly,QC_and_Genome_Assembly,submission.assembly.fasta,
  inflating, BiftheDSM20212_FD/Assembly/QC_and_Genome_Assembly/submission.assembly.fasta,, BiftheDSM20212,FD,Assembly,QC_and_Genome_Assembly,submission.assembly.fasta,
  inflating, BlaschDSM10518_FD/Assembly/QC_and_Genome_Assembly/submission.assembly.fasta,, BlaschDSM10518,FD,Assembly,QC_and_Genome_Assembly,submission.assembly.fasta,
  inflating, BlautiaspSF50_FD/Assembly/QC_and_Genome_Assembly/assembly.fasta,, BlautiaspSF50,FD,Assembly,QC_and_Genome_Assembly,assembly.fasta,
  inflating, BlawexAGR2146_FD/Assembly/QC_and_Genome_Assembly/submission.assembly.fasta,, BlawexAGR2146,FD,Assembly,QC_and_Genome_Assembly,submission.assembly.fasta,
  inflating, ButfibAB2020_FD/Assembly/QC_and_Genome_Assembly/submission.assembly.fasta,, ButfibAB2020,FD,Assembly,QC_and_Genome_Assembly,submission.assembly.fasta,
  inflating, ButfibAR40_FD/Assembly/QC_and_Genome_Assembly/submission.assembly.fasta,, ButfibAR40,FD,Assembly,QC_and_Genome_Assembly,submission.assembly.fasta,
  inflating, ButfibFE2007_FD/Assembly/QC_and_Genome_Assembly/submission.assembly.fasta,, ButfibFE2007,FD,Assembly,QC_and_Genome_Assembly,submission.assembly.fasta,
  inflating, ButfibMD2001_FD/Assembly/QC_and_Genome_Assembly/submission.assembly.fasta,, ButfibMD2001,FD,Assembly,QC_and_Genome_Assembly,submission.assembly.fasta,
  inflating, ButfibND3005_FD/Assembly/QC_and_Genome_Assembly/submission.assembly.fasta,, ButfibND3005,FD,Assembly,QC_and_Genome_Assembly,submission.assembly.fasta,
  inflating, ButfibWTE3004_FD/Assembly/QC_and_Genome_Assembly/submission.assembly.fasta,, ButfibWTE3004,FD,Assembly,QC_and_Genome_Assembly,submission.assembly.fasta,
  inflating, ButfibYRB2005_FD/Assembly/QC_and_Genome_Assembly/submission.assembly.fasta,, ButfibYRB2005,FD,Assembly,QC_and_Genome_Assembly,submission.assembly.fasta,
  inflating, ButhunNK4A153_FD/Assembly/QC_and_Genome_Assembly/submission.assembly.fasta,, ButhunNK4A153,FD,Assembly,QC_and_Genome_Assembly,submission.assembly.fasta,
  inflating, ButhunXBD2006_FD/Assembly/QC_and_Genome_Assembly/assembly.fasta,, ButhunXBD2006,FD,Assembly,QC_and_Genome_Assembly,assembly.fasta,
  inflating, ButproFD2007_FD/Assembly/QC_and_Genome_Assembly/submission.assembly.fasta,, ButproFD2007,FD,Assembly,QC_and_Genome_Assembly,submission.assembly.fasta,
  inflating, ButproP18_FD/Assembly/QC_and_Genome_Assembly/submission.assembly.fasta,, ButproP18,FD,Assembly,QC_and_Genome_Assembly,submission.assembly.fasta,
  inflating, ButproP6B7_FD/Assembly/QC_and_Genome_Assembly/submission.assembly.fasta,, ButproP6B7,FD,Assembly,QC_and_Genome_Assembly,submission.assembly.fasta,
  inflating, ButspAC2005_FD/Assembly/QC_and_Genome_Assembly/submission.assembly.fasta,, ButspAC2005,FD,Assembly,QC_and_Genome_Assembly,submission.assembly.fasta,
  inflating, ButspAD3002_FD/Assembly/QC_and_Genome_Assembly/submission.assembly.fasta,, ButspAD3002,FD,Assembly,QC_and_Genome_Assembly,submission.assembly.fasta,
  inflating, ButspAE2005_FD/Assembly/QC_and_Genome_Assembly/submission.assembly.fasta,, ButspAE2005,FD,Assembly,QC_and_Genome_Assembly,submission.assembly.fasta,
  inflating, ButspAE2015_FD/Assembly/QC_and_Genome_Assembly/submission.assembly.fasta,, ButspAE2015,FD,Assembly,QC_and_Genome_Assembly,submission.assembly.fasta,
  inflating, ButspAE2032_FD/Assembly/QC_and_Genome_Assembly/final.assembly.fasta,, ButspAE2032,FD,Assembly,QC_and_Genome_Assembly,final.assembly.fasta,
  inflating, ButspAE3003_FD/Assembly/QC_and_Genome_Assembly/final.assembly.fasta,, ButspAE3003,FD,Assembly,QC_and_Genome_Assembly,final.assembly.fasta,
  inflating, ButspAE3004_FD/Assembly/QC_and_Genome_Assembly/final.assembly.fasta,, ButspAE3004,FD,Assembly,QC_and_Genome_Assembly,final.assembly.fasta,
  inflating, ButspAE3006_FD/Assembly/QC_and_Genome_Assembly/submission.assembly.fasta,, ButspAE3006,FD,Assembly,QC_and_Genome_Assembly,submission.assembly.fasta,
  inflating, ButspAE3009_FD/Assembly/QC_and_Genome_Assembly/submission.assembly.fasta,, ButspAE3009,FD,Assembly,QC_and_Genome_Assembly,submission.assembly.fasta,
  inflating, ButspFC2001_FD/Assembly/QC_and_Genome_Assembly/submission.assembly.fasta,, ButspFC2001,FD,Assembly,QC_and_Genome_Assembly,submission.assembly.fasta,
  inflating, ButspFCS006_FD/Assembly/QC_and_Genome_Assembly/submission.assembly.fasta,, ButspFCS006,FD,Assembly,QC_and_Genome_Assembly,submission.assembly.fasta,
  inflating, ButspFCS014_FD/Assembly/QC_and_Genome_Assembly/finalContigs.fasta,, ButspFCS014,FD,Assembly,QC_and_Genome_Assembly,finalContigs.fasta,
  inflating, ButspINlla14_FD/Assembly/QC_and_Genome_Assembly/assembly.fasta,, ButspINlla14,FD,Assembly,QC_and_Genome_Assembly,assembly.fasta,
  inflating, ButspINlla16_FD/Assembly/QC_and_Genome_Assembly/assembly.fasta,, ButspINlla16,FD,Assembly,QC_and_Genome_Assembly,assembly.fasta,
  inflating, ButspINlla18_FD/Assembly/QC_and_Genome_Assembly/assembly.fasta,, ButspINlla18,FD,Assembly,QC_and_Genome_Assembly,assembly.fasta,
  inflating, ButspINlla21_FD/Assembly/QC_and_Genome_Assembly/assembly.fasta,, ButspINlla21,FD,Assembly,QC_and_Genome_Assembly,assembly.fasta,
  inflating, ButspLB2008_FD/Assembly/QC_and_Genome_Assembly/submission.assembly.fasta,, ButspLB2008,FD,Assembly,QC_and_Genome_Assembly,submission.assembly.fasta,
  inflating, ButspLC3010_FD/Assembly/QC_and_Genome_Assembly/submission.assembly.fasta,, ButspLC3010,FD,Assembly,QC_and_Genome_Assembly,submission.assembly.fasta,
  inflating, ButspM55_FD/Assembly/QC_and_Genome_Assembly/submission.assembly.fasta,, ButspM55,FD,Assembly,QC_and_Genome_Assembly,submission.assembly.fasta,
  inflating, ButspMB2005_FD/Assembly/QC_and_Genome_Assembly/submission.assembly.fasta,, ButspMB2005,FD,Assembly,QC_and_Genome_Assembly,submission.assembly.fasta,
  inflating, ButspMC2013_FD/Assembly/QC_and_Genome_Assembly/submission.assembly.fasta,, ButspMC2013,FD,Assembly,QC_and_Genome_Assembly,submission.assembly.fasta,
  inflating, ButspMC2021_FD/Assembly/QC_and_Genome_Assembly/submission.assembly.fasta,, ButspMC2021,FD,Assembly,QC_and_Genome_Assembly,submission.assembly.fasta,
  inflating, ButspNC2002_FD/Assembly/QC_and_Genome_Assembly/submission.assembly.fasta,, ButspNC2002,FD,Assembly,QC_and_Genome_Assembly,submission.assembly.fasta,
  inflating, ButspNC2007_FD/Assembly/QC_and_Genome_Assembly/submission.assembly.fasta,, ButspNC2007,FD,Assembly,QC_and_Genome_Assembly,submission.assembly.fasta,
  inflating, ButspNC3005_FD/Assembly/QC_and_Genome_Assembly/submission.assembly.fasta,, ButspNC3005,FD,Assembly,QC_and_Genome_Assembly,submission.assembly.fasta,
  inflating, ButspOB235_FD/Assembly/QC_and_Genome_Assembly/submission.assembly.fasta,, ButspOB235,FD,Assembly,QC_and_Genome_Assembly,submission.assembly.fasta,
  inflating, ButspSu6_FD/Assembly/QC_and_Genome_Assembly/assembly.fasta,, ButspSu6,FD,Assembly,QC_and_Genome_Assembly,assembly.fasta,
  inflating, ButspTB_FD/Assembly/QC_and_Genome_Assembly/assembly.fasta,, ButspTB,FD,Assembly,QC_and_Genome_Assembly,assembly.fasta,
  inflating, ButspVCB2001_FD/Assembly/QC_and_Genome_Assembly/submission.assembly.fasta,, ButspVCB2001,FD,Assembly,QC_and_Genome_Assembly,submission.assembly.fasta,
  inflating, ButspVCB2006_FD/Assembly/QC_and_Genome_Assembly/submission.assembly.fasta,, ButspVCB2006,FD,Assembly,QC_and_Genome_Assembly,submission.assembly.fasta,
  inflating, ButspVCD2006_FD/Assembly/QC_and_Genome_Assembly/submission.assembly.fasta,, ButspVCD2006,FD,Assembly,QC_and_Genome_Assembly,submission.assembly.fasta,
  inflating, ButspWCD2001_FD/Assembly/QC_and_Genome_Assembly/submission.assembly.fasta,, ButspWCD2001,FD,Assembly,QC_and_Genome_Assembly,submission.assembly.fasta,
  inflating, ButspWCD3002_FD/Assembly/QC_and_Genome_Assembly/submission.assembly.fasta,, ButspWCD3002,FD,Assembly,QC_and_Genome_Assembly,submission.assembly.fasta,
  inflating, ButspWCE2006_FD/Assembly/QC_and_Genome_Assembly/submission.assembly.fasta,, ButspWCE2006,FD,Assembly,QC_and_Genome_Assembly,submission.assembly.fasta,
  inflating, ButspXBB1001_FD/Assembly/QC_and_Genome_Assembly/submission.assembly.fasta,, ButspXBB1001,FD,Assembly,QC_and_Genome_Assembly,submission.assembly.fasta,
  inflating, ButspXPD2002_FD/Assembly/QC_and_Genome_Assembly/submission.assembly.fasta,, ButspXPD2002,FD,Assembly,QC_and_Genome_Assembly,submission.assembly.fasta,
  inflating, ButspXPD2006_FD/Assembly/QC_and_Genome_Assembly/submission.assembly.fasta,, ButspXPD2006,FD,Assembly,QC_and_Genome_Assembly,submission.assembly.fasta,
  inflating, ButspYAB3001_FD/Assembly/QC_and_Genome_Assembly/assembly.fasta,, ButspYAB3001,FD,Assembly,QC_and_Genome_Assembly,assembly.fasta,
  inflating, CelspKH9_FD/Assembly/QC_and_Genome_Assembly/submission.assembly.fasta,, CelspKH9,FD,Assembly,QC_and_Genome_Assembly,submission.assembly.fasta,
  inflating, CitspNLAEzlC269_FD/Assembly/QC_and_Genome_Assembly/submission.assembly.fasta,, CitspNLAEzlC269,FD,Assembly,QC_and_Genome_Assembly,submission.assembly.fasta,
  inflating, CloaerDSM5434_FD/Assembly/QC_and_Genome_Assembly/submission.assembly.fasta,, CloaerDSM5434,FD,Assembly,QC_and_Genome_Assembly,submission.assembly.fasta,
  inflating, CloalgB3_FD/Assembly/QC_and_Genome_Assembly/final.assembly.fasta,, CloalgB3,FD,Assembly,QC_and_Genome_Assembly,final.assembly.fasta,
  inflating, CloamiF_FD/Assembly/QC_and_Genome_Assembly/assembly.fasta,, CloamiF,FD,Assembly,QC_and_Genome_Assembly,assembly.fasta,
  inflating, CloamiKH1P1_FD/Assembly/QC_and_Genome_Assembly/submission.assembly.fasta,, CloamiKH1P1,FD,Assembly,QC_and_Genome_Assembly,submission.assembly.fasta,
  inflating, ClobacNK3B98_FD/Assembly/QC_and_Genome_Assembly/submission.assembly.fasta,, ClobacNK3B98,FD,Assembly,QC_and_Genome_Assembly,submission.assembly.fasta,
  inflating, ClobacR7_FD/Assembly/QC_and_Genome_Assembly/submission.assembly.fasta,, ClobacR7,FD,Assembly,QC_and_Genome_Assembly,submission.assembly.fasta,
  inflating, ClobacWTE2008_FD/Assembly/QC_and_Genome_Assembly/submission.assembly.fasta,, ClobacWTE2008,FD,Assembly,QC_and_Genome_Assembly,submission.assembly.fasta,
  inflating, ClobeiHUN142_FD/Assembly/QC_and_Genome_Assembly/submission.assembly.fasta,, ClobeiHUN142,FD,Assembly,QC_and_Genome_Assembly,submission.assembly.fasta,
  inflating, ClobutAGR2140_FD/Assembly/QC_and_Genome_Assembly/submission.assembly.fasta,, ClobutAGR2140,FD,Assembly,QC_and_Genome_Assembly,submission.assembly.fasta,
  inflating, ClocadAGR2141_FD/Assembly/QC_and_Genome_Assembly/submission.assembly.fasta,, ClocadAGR2141,FD,Assembly,QC_and_Genome_Assembly,submission.assembly.fasta,
  inflating, ClocadNLAEzlG419_FD/Assembly/QC_and_Genome_Assembly/submission.assembly.fasta,, ClocadNLAEzlG419,FD,Assembly,QC_and_Genome_Assembly,submission.assembly.fasta,
  inflating, ClocloAGR2157_FD/Assembly/QC_and_Genome_Assembly/submission.assembly.fasta,, ClocloAGR2157,FD,Assembly,QC_and_Genome_Assembly,submission.assembly.fasta,
  inflating, ClocloATCC25537_FD/Assembly/QC_and_Genome_Assembly/assembly.fasta,, ClocloATCC25537,FD,Assembly,QC_and_Genome_Assembly,assembly.fasta,
  inflating, ClococNLAEzlC224_FD/Assembly/QC_and_Genome_Assembly/submission.assembly.fasta,, ClococNLAEzlC224,FD,Assembly,QC_and_Genome_Assembly,submission.assembly.fasta,
  inflating, CloglycoKPPR9_FD/Assembly/QC_and_Genome_Assembly/assembly.fasta,, CloglycoKPPR9,FD,Assembly,QC_and_Genome_Assembly,assembly.fasta,
  inflating, CloinnNLAEzlC381_FD/Assembly/QC_and_Genome_Assembly/submission.assembly.fasta,, CloinnNLAEzlC381,FD,Assembly,QC_and_Genome_Assembly,submission.assembly.fasta,
  inflating, CloinnNLAEzlG197_FD/Assembly/QC_and_Genome_Assembly/submission.assembly.fasta,, CloinnNLAEzlG197,FD,Assembly,QC_and_Genome_Assembly,submission.assembly.fasta,
  inflating, ClolunDSM17049_FD/Assembly/QC_and_Genome_Assembly/submission.assembly.fasta,, ClolunDSM17049,FD,Assembly,QC_and_Genome_Assembly,submission.assembly.fasta,
  inflating, ClomanLM2_FD/Assembly/QC_and_Genome_Assembly/final.assembly.fasta,, ClomanLM2,FD,Assembly,QC_and_Genome_Assembly,final.assembly.fasta,
  inflating, CloparAGR2156_FD/Assembly/QC_and_Genome_Assembly/submission.assembly.fasta,, CloparAGR2156,FD,Assembly,QC_and_Genome_Assembly,submission.assembly.fasta,
  inflating, ClopolDSM1801_FD/Assembly/QC_and_Genome_Assembly/submission.assembly.fasta,, ClopolDSM1801,FD,Assembly,QC_and_Genome_Assembly,submission.assembly.fasta,
  inflating, ClospDSM8431_FD/Assembly/QC_and_Genome_Assembly/submission.assembly.fasta,, ClospDSM8431,FD,Assembly,QC_and_Genome_Assembly,submission.assembly.fasta,
  inflating, CorbacKH1P3_FD/Assembly/QC_and_Genome_Assembly/submission.assembly.fasta,, CorbacKH1P3,FD,Assembly,QC_and_Genome_Assembly,submission.assembly.fasta,
  inflating, CorvitGa6A13_FD/Assembly/QC_and_Genome_Assembly/submission.assembly.fasta,, CorvitGa6A13,FD,Assembly,QC_and_Genome_Assembly,submission.assembly.fasta,
  inflating, DendetDSM21843_FD/Assembly/QC_and_Genome_Assembly/assembly.fasta,, DendetDSM21843,FD,Assembly,QC_and_Genome_Assembly,assembly.fasta,
  inflating, DesdesDSM7057_FD/Assembly/QC_and_Genome_Assembly/assembly.fasta,, DesdesDSM7057,FD,Assembly,QC_and_Genome_Assembly,assembly.fasta,
  inflating, DeslegKHC7_FD/Assembly/QC_and_Genome_Assembly/submission.assembly.fasta,, DeslegKHC7,FD,Assembly,QC_and_Genome_Assembly,submission.assembly.fasta,
  inflating, DoreaspAGR2135_FD/Assembly/QC_and_Genome_Assembly/submission.assembly.fasta,, DoreaspAGR2135,FD,Assembly,QC_and_Genome_Assembly,submission.assembly.fasta,
  inflating, DorlonAGR2136_FD/Assembly/QC_and_Genome_Assembly/submission.assembly.fasta,, DorlonAGR2136,FD,Assembly,QC_and_Genome_Assembly,submission.assembly.fasta,
  inflating, EntcasNLAEzlC414_FD/Assembly/QC_and_Genome_Assembly/submission.assembly.fasta,, EntcasNLAEzlC414,FD,Assembly,QC_and_Genome_Assembly,submission.assembly.fasta,
  inflating, EntcasNLAEzlG268_FD/Assembly/QC_and_Genome_Assembly/submission.assembly.fasta,, EntcasNLAEzlG268,FD,Assembly,QC_and_Genome_Assembly,submission.assembly.fasta,
  inflating, Entfae68A_FD/Assembly/QC_and_Genome_Assembly/final.assembly.fasta,, Entfae68A,FD,Assembly,QC_and_Genome_Assembly,final.assembly.fasta,
  inflating, EntfaeVTM1R91_FD/Assembly/QC_and_Genome_Assembly/submission.assembly.fasta,, EntfaeVTM1R91,FD,Assembly,QC_and_Genome_Assembly,submission.assembly.fasta,
  inflating, EntgalSKF1_FD/Assembly/QC_and_Genome_Assembly/final.assembly.fasta,, EntgalSKF1,FD,Assembly,QC_and_Genome_Assembly,final.assembly.fasta,
  inflating, EntmunC2_FD/Assembly/QC_and_Genome_Assembly/submission.assembly.fasta,, EntmunC2,FD,Assembly,QC_and_Genome_Assembly,submission.assembly.fasta,
  inflating, EntspKPPR6_FD/Assembly/QC_and_Genome_Assembly/submission.assembly.fasta,, EntspKPPR6,FD,Assembly,QC_and_Genome_Assembly,submission.assembly.fasta,
  inflating, EntspKPR6_FD/Assembly/QC_and_Genome_Assembly/submission.assembly.fasta,, EntspKPR6,FD,Assembly,QC_and_Genome_Assembly,submission.assembly.fasta,
  inflating, ErybacNK3D112_FD/Assembly/QC_and_Genome_Assembly/submission.assembly.fasta,, ErybacNK3D112,FD,Assembly,QC_and_Genome_Assembly,submission.assembly.fasta,
  inflating, EsccolPA3_FD/Assembly/QC_and_Genome_Assembly/submission.assembly.fasta,, EsccolPA3,FD,Assembly,QC_and_Genome_Assembly,submission.assembly.fasta,
  inflating, EubcalNLAEzlG225_FD/Assembly/QC_and_Genome_Assembly/submission.assembly.fasta,, EubcalNLAEzlG225,FD,Assembly,QC_and_Genome_Assembly,submission.assembly.fasta,
  inflating, EubcelLD2006_FD/Assembly/QC_and_Genome_Assembly/submission.assembly.fasta,, EubcelLD2006,FD,Assembly,QC_and_Genome_Assembly,submission.assembly.fasta,
  inflating, EuboxiDSM3217_FD/Assembly/QC_and_Genome_Assembly/assembly.fasta,, EuboxiDSM3217,FD,Assembly,QC_and_Genome_Assembly,assembly.fasta,
  inflating, Eubpyri6_FD/Assembly/QC_and_Genome_Assembly/submission.assembly.fasta,, Eubpyri6,FD,Assembly,QC_and_Genome_Assembly,submission.assembly.fasta,
  inflating, EubpyrKHPC4_FD/Assembly/QC_and_Genome_Assembly/submission.assembly.fasta,, EubpyrKHPC4,FD,Assembly,QC_and_Genome_Assembly,submission.assembly.fasta,
  inflating, EubpyruKHGC13_FD/Assembly/QC_and_Genome_Assembly/submission.assembly.fasta,, EubpyruKHGC13,FD,Assembly,QC_and_Genome_Assembly,submission.assembly.fasta,
 inflating, Eubrum2388_FD/Assembly/QC_and_Genome_Assembly/submission.assembly.fasta,, Eubrum2388,FD,Assembly,QC_and_Genome_Assembly,submission.assembly.fasta,
  inflating, EubrumFB3002_FD/Assembly/QC_and_Genome_Assembly/submission.assembly.fasta,, EubrumFB3002,FD,Assembly,QC_and_Genome_Assembly,submission.assembly.fasta,
  inflating, EubrumHUN269_FD/Assembly/QC_and_Genome_Assembly/assembly.fasta,, EubrumHUN269,FD,Assembly,QC_and_Genome_Assembly,assembly.fasta,
  inflating, EubspAB3007_FD/Assembly/QC_and_Genome_Assembly/final.assembly.fasta,, EubspAB3007,FD,Assembly,QC_and_Genome_Assembly,final.assembly.fasta,
  inflating, FibsucHM2_FD/Assembly/QC_and_Genome_Assembly/assembly.fasta,, FibsucHM2,FD,Assembly,QC_and_Genome_Assembly,assembly.fasta,
  inflating, FusnecHUN048_FD/Assembly/QC_and_Genome_Assembly/submission.assembly.fasta,, FusnecHUN048,FD,Assembly,QC_and_Genome_Assembly,submission.assembly.fasta,
  inflating, KanvitDSM20405_FD/Assembly/QC_and_Genome_Assembly/submission.assembly.fasta,, KanvitDSM20405,FD,Assembly,QC_and_Genome_Assembly,submission.assembly.fasta,
  inflating, KanvitKH4T7_FD/Assembly/QC_and_Genome_Assembly/submission.assembly.fasta,, KanvitKH4T7,FD,Assembly,QC_and_Genome_Assembly,submission.assembly.fasta,
  inflating, KanvitMC3001_FD/Assembly/QC_and_Genome_Assembly/submission.assembly.fasta,, KanvitMC3001,FD,Assembly,QC_and_Genome_Assembly,submission.assembly.fasta,
  inflating, KanvitS3b_FD/Assembly/QC_and_Genome_Assembly/submission.assembly.fasta,, KanvitS3b,FD,Assembly,QC_and_Genome_Assembly,submission.assembly.fasta,
  inflating, KanvitWCC7_FD/Assembly/QC_and_Genome_Assembly/submission.assembly.fasta,, KanvitWCC7,FD,Assembly,QC_and_Genome_Assembly,submission.assembly.fasta,
  inflating, KanvitWCE2011_FD/Assembly/QC_and_Genome_Assembly/submission.assembly.fasta,, KanvitWCE2011,FD,Assembly,QC_and_Genome_Assembly,submission.assembly.fasta,
  inflating, LacbacA10_FD/Assembly/QC_and_Genome_Assembly/assembly.fasta,, LacbacA10,FD,Assembly,QC_and_Genome_Assembly,assembly.fasta,
  inflating, LacbacAB2028_FD/Assembly/QC_and_Genome_Assembly/submission.assembly.fasta,, LacbacAB2028,FD,Assembly,QC_and_Genome_Assembly,submission.assembly.fasta,
  inflating, LacbacAC2012_FD/Assembly/QC_and_Genome_Assembly/final.assembly.fasta,, LacbacAC2012,FD,Assembly,QC_and_Genome_Assembly,final.assembly.fasta,
  inflating, LacbacAC2014_FD/Assembly/QC_and_Genome_Assembly/submission.assembly.fasta,, LacbacAC2014,FD,Assembly,QC_and_Genome_Assembly,submission.assembly.fasta,
  inflating, LacbacAC2028_FD/Assembly/QC_and_Genome_Assembly/submission.assembly.fasta,, LacbacAC2028,FD,Assembly,QC_and_Genome_Assembly,submission.assembly.fasta,
  inflating, LacbacAC2029_FD/Assembly/QC_and_Genome_Assembly/final.assembly.fasta,, LacbacAC2029,FD,Assembly,QC_and_Genome_Assembly,final.assembly.fasta,
  inflating, LacbacAC2031_FD/Assembly/QC_and_Genome_Assembly/final.assembly.fasta,, LacbacAC2031,FD,Assembly,QC_and_Genome_Assembly,final.assembly.fasta,
  inflating, LacbacAC3007_FD/Assembly/QC_and_Genome_Assembly/submission.assembly.fasta,, LacbacAC3007,FD,Assembly,QC_and_Genome_Assembly,submission.assembly.fasta,
  inflating, LacbacAD3010_FD/Assembly/QC_and_Genome_Assembly/submission.assembly.fasta,, LacbacAD3010,FD,Assembly,QC_and_Genome_Assembly,submission.assembly.fasta,
  inflating, LacbacC10_FD/Assembly/QC_and_Genome_Assembly/assembly.fasta,, LacbacC10,FD,Assembly,QC_and_Genome_Assembly,assembly.fasta,
  inflating, LacbacC6A11_FD/Assembly/QC_and_Genome_Assembly/submission.assembly.fasta,, LacbacC6A11,FD,Assembly,QC_and_Genome_Assembly,submission.assembly.fasta,
  inflating, LacbacC7_FD/Assembly/QC_and_Genome_Assembly/submission.assembly.fasta,, LacbacC7,FD,Assembly,QC_and_Genome_Assembly,submission.assembly.fasta,
  inflating, LacbacFD2005_FD/Assembly/QC_and_Genome_Assembly/submission.assembly.fasta,, LacbacFD2005,FD,Assembly,QC_and_Genome_Assembly,submission.assembly.fasta,
  inflating, LacbacFE2018_FD/Assembly/QC_and_Genome_Assembly/submission.assembly.fasta,, LacbacFE2018,FD,Assembly,QC_and_Genome_Assembly,submission.assembly.fasta,
  inflating, LacbacG11_FD/Assembly/QC_and_Genome_Assembly/assembly.fasta,, LacbacG11,FD,Assembly,QC_and_Genome_Assembly,assembly.fasta,
  inflating, LacbacG41_FD/Assembly/QC_and_Genome_Assembly/submission.assembly.fasta,, LacbacG41,FD,Assembly,QC_and_Genome_Assembly,submission.assembly.fasta,
  inflating, LacbacKH1P17_FD/Assembly/QC_and_Genome_Assembly/submission.assembly.fasta,, LacbacKH1P17,FD,Assembly,QC_and_Genome_Assembly,submission.assembly.fasta,
  inflating, LacbacKH1T2_FD/Assembly/QC_and_Genome_Assembly/submission.assembly.fasta,, LacbacKH1T2,FD,Assembly,QC_and_Genome_Assembly,submission.assembly.fasta,
  inflating, LacbacKHCPX20_FD/Assembly/QC_and_Genome_Assembly/submission.assembly.fasta,, LacbacKHCPX20,FD,Assembly,QC_and_Genome_Assembly,submission.assembly.fasta,
  inflating, LacbacLC2019_FD/Assembly/QC_and_Genome_Assembly/submission.assembly.fasta,, LacbacLC2019,FD,Assembly,QC_and_Genome_Assembly,submission.assembly.fasta,
  inflating, LacbacMA2020_FD/Assembly/QC_and_Genome_Assembly/submission.assembly.fasta,, LacbacMA2020,FD,Assembly,QC_and_Genome_Assembly,submission.assembly.fasta,
  inflating, LacbacMC2017_FD/Assembly/QC_and_Genome_Assembly/submission.assembly.fasta,, LacbacMC2017,FD,Assembly,QC_and_Genome_Assembly,submission.assembly.fasta,
  inflating, LacbacMD2004_FD/Assembly/QC_and_Genome_Assembly/submission.assembly.fasta,, LacbacMD2004,FD,Assembly,QC_and_Genome_Assembly,submission.assembly.fasta,
  inflating, LacbacNC2004_FD/Assembly/QC_and_Genome_Assembly/submission.assembly.fasta,, LacbacNC2004,FD,Assembly,QC_and_Genome_Assembly,submission.assembly.fasta,
  inflating, LacbacNC2008_FD/Assembly/QC_and_Genome_Assembly/submission.assembly.fasta,, LacbacNC2008,FD,Assembly,QC_and_Genome_Assembly,submission.assembly.fasta,
  inflating, LacbacND2006_FD/Assembly/QC_and_Genome_Assembly/submission.assembly.fasta,, LacbacND2006,FD,Assembly,QC_and_Genome_Assembly,submission.assembly.fasta,
  inflating, LacbacNE2001_FD/Assembly/QC_and_Genome_Assembly/assembly.fasta,, LacbacNE2001,FD,Assembly,QC_and_Genome_Assembly,assembly.fasta,
  inflating, LacbacNK3A20_FD/Assembly/QC_and_Genome_Assembly/assembly.fasta,, LacbacNK3A20,FD,Assembly,QC_and_Genome_Assembly,assembly.fasta,
  inflating, LacbacNK4A136_FD/Assembly/QC_and_Genome_Assembly/submission.assembly.fasta,, LacbacNK4A136,FD,Assembly,QC_and_Genome_Assembly,submission.assembly.fasta,
  inflating, LacbacNK4A144_FD/Assembly/QC_and_Genome_Assembly/submission.assembly.fasta,, LacbacNK4A144,FD,Assembly,QC_and_Genome_Assembly,submission.assembly.fasta,
  inflating, LacbacNK4A179_FD/Assembly/QC_and_Genome_Assembly/submission.assembly.fasta,, LacbacNK4A179,FD,Assembly,QC_and_Genome_Assembly,submission.assembly.fasta,
  inflating, LacbacNLAEzlG231_FD/Assembly/QC_and_Genome_Assembly/submission.assembly.fasta,, LacbacNLAEzlG231,FD,Assembly,QC_and_Genome_Assembly,submission.assembly.fasta,
  inflating, LacbacP6A3_FD/Assembly/QC_and_Genome_Assembly/submission.assembly.fasta,, LacbacP6A3,FD,Assembly,QC_and_Genome_Assembly,submission.assembly.fasta,
  inflating, LacbacP6B14_FD/Assembly/QC_and_Genome_Assembly/submission.assembly.fasta,, LacbacP6B14,FD,Assembly,QC_and_Genome_Assembly,submission.assembly.fasta,
  inflating, LacbacRM5_FD/Assembly/QC_and_Genome_Assembly/assembly.fasta,, LacbacRM5,FD,Assembly,QC_and_Genome_Assembly,assembly.fasta,
  inflating, LacbacV9D3004_FD/Assembly/QC_and_Genome_Assembly/submission.assembly.fasta,, LacbacV9D3004,FD,Assembly,QC_and_Genome_Assembly,submission.assembly.fasta,
  inflating, LacbacXBB1006_FD/Assembly/QC_and_Genome_Assembly/assembly.fasta,, LacbacXBB1006,FD,Assembly,QC_and_Genome_Assembly,assembly.fasta,
  inflating, LacbacXBB2008_FD/Assembly/QC_and_Genome_Assembly/assembly.fasta,, LacbacXBB2008,FD,Assembly,QC_and_Genome_Assembly,assembly.fasta,
  inflating, LacbacXBD2001_FD/Assembly/QC_and_Genome_Assembly/assembly.fasta,, LacbacXBD2001,FD,Assembly,QC_and_Genome_Assembly,assembly.fasta,
inflating, LacbacXPB1003_FD/Assembly/QC_and_Genome_Assembly/assembly.fasta,, LacbacXPB1003,FD,Assembly,QC_and_Genome_Assembly,assembly.fasta,
  inflating, LacbacYSB2008_FD/Assembly/QC_and_Genome_Assembly/submission.assembly.fasta,, LacbacYSB2008,FD,Assembly,QC_and_Genome_Assembly,submission.assembly.fasta,
  inflating, LacbacYSD2013_FD/Assembly/QC_and_Genome_Assembly/assembly.fasta,, LacbacYSD2013,FD,Assembly,QC_and_Genome_Assembly,assembly.fasta,
  inflating, LacbovAE2004_FD/Assembly/QC_and_Genome_Assembly/final.assembly.fasta,, LacbovAE2004,FD,Assembly,QC_and_Genome_Assembly,final.assembly.fasta,
  inflating, LacbovC6A12_FD/Assembly/QC_and_Genome_Assembly/submission.assembly.fasta,, LacbovC6A12,FD,Assembly,QC_and_Genome_Assembly,submission.assembly.fasta,
  inflating, LacbovDSM14045_FD/Assembly/QC_and_Genome_Assembly/assembly.fasta,, LacbovDSM14045,FD,Assembly,QC_and_Genome_Assembly,assembly.fasta,
  inflating, LacbovNK4B19_FD/Assembly/QC_and_Genome_Assembly/submission.assembly.fasta,, LacbovNK4B19,FD,Assembly,QC_and_Genome_Assembly,submission.assembly.fasta,
  inflating, LacbovS1b_FD/Assembly/QC_and_Genome_Assembly/assembly.fasta,, LacbovS1b,FD,Assembly,QC_and_Genome_Assembly,assembly.fasta,
  inflating, LaccitNLAEzlG70_FD/Assembly/QC_and_Genome_Assembly/submission.assembly.fasta,, LaccitNLAEzlG70,FD,Assembly,QC_and_Genome_Assembly,submission.assembly.fasta,
  inflating, LaccloNLAEzlC196_FD/Assembly/QC_and_Genome_Assembly/submission.assembly.fasta,, LaccloNLAEzlC196,FD,Assembly,QC_and_Genome_Assembly,submission.assembly.fasta,
  inflating, LaccloNLAEzlG208_FD/Assembly/QC_and_Genome_Assembly/submission.assembly.fasta,, LaccloNLAEzlG208,FD,Assembly,QC_and_Genome_Assembly,submission.assembly.fasta,
  inflating, LacconNLAEzlC134_FD/Assembly/QC_and_Genome_Assembly/submission.assembly.fasta,, LacconNLAEzlC134,FD,Assembly,QC_and_Genome_Assembly,submission.assembly.fasta,
  inflating, LacgarM79_FD/Assembly/QC_and_Genome_Assembly/submission.assembly.fasta,, LacgarM79,FD,Assembly,QC_and_Genome_Assembly,submission.assembly.fasta,
  inflating, Laclacslactis511_FD/Assembly/QC_and_Genome_Assembly/final.assembly.fasta,, Laclacslactis511,FD,Assembly,QC_and_Genome_Assembly,final.assembly.fasta,
  inflating, LaclavNLAEzlG277_FD/Assembly/QC_and_Genome_Assembly/submission.assembly.fasta,, LaclavNLAEzlG277,FD,Assembly,QC_and_Genome_Assembly,submission.assembly.fasta,
  inflating, LacmucAGR63_FD/Assembly/QC_and_Genome_Assembly/final.assembly.fasta,, LacmucAGR63,FD,Assembly,QC_and_Genome_Assembly,final.assembly.fasta,
  inflating, LacmucKHPC15_FD/Assembly/QC_and_Genome_Assembly/submission.assembly.fasta,, LacmucKHPC15,FD,Assembly,QC_and_Genome_Assembly,submission.assembly.fasta,
  inflating, LacmucKHPX11_FD/Assembly/QC_and_Genome_Assembly/submission.assembly.fasta,, LacmucKHPX11,FD,Assembly,QC_and_Genome_Assembly,submission.assembly.fasta,
  inflating, LacmucWCC8_FD/Assembly/QC_and_Genome_Assembly/submission.assembly.fasta,, LacmucWCC8,FD,Assembly,QC_and_Genome_Assembly,submission.assembly.fasta,
  inflating, LacmulATCC19207_FD/Assembly/QC_and_Genome_Assembly/submission.assembly.fasta,, LacmulATCC19207,FD,Assembly,QC_and_Genome_Assembly,submission.assembly.fasta,
  inflating, LacmulD15d_FD/Assembly/QC_and_Genome_Assembly/submission.assembly.fasta,, LacmulD15d,FD,Assembly,QC_and_Genome_Assembly,submission.assembly.fasta,
  inflating, LacmulLB2003_FD/Assembly/QC_and_Genome_Assembly/submission.assembly.fasta,, LacmulLB2003,FD,Assembly,QC_and_Genome_Assembly,submission.assembly.fasta,
  inflating, LacmulMC2003_FD/Assembly/QC_and_Genome_Assembly/submission.assembly.fasta,, LacmulMC2003,FD,Assembly,QC_and_Genome_Assembly,submission.assembly.fasta,
  inflating, LacoroNLAEzlC242_FD/Assembly/QC_and_Genome_Assembly/submission.assembly.fasta,, LacoroNLAEzlC242,FD,Assembly,QC_and_Genome_Assembly,submission.assembly.fasta,
  inflating, LacpecM83_FD/Assembly/QC_and_Genome_Assembly/submission.assembly.fasta,, LacpecM83,FD,Assembly,QC_and_Genome_Assembly,submission.assembly.fasta,
  inflating, LacplaAG30_FD/Assembly/QC_and_Genome_Assembly/final.assembly.fasta,, LacplaAG30,FD,Assembly,QC_and_Genome_Assembly,final.assembly.fasta,
  inflating, LacrumDSM20403_FD/Assembly/QC_and_Genome_Assembly/assembly.fasta,, LacrumDSM20403,FD,Assembly,QC_and_Genome_Assembly,assembly.fasta,
  inflating, LacrumWC1T17_FD/Assembly/QC_and_Genome_Assembly/submission.assembly.fasta,, LacrumWC1T17,FD,Assembly,QC_and_Genome_Assembly,submission.assembly.fasta,
  inflating, MegelsJ1_FD/Assembly/QC_and_Genome_Assembly/submission.assembly.fasta,, MegelsJ1,FD,Assembly,QC_and_Genome_Assembly,submission.assembly.fasta,
  inflating, MegelsT81_FD/Assembly/QC_and_Genome_Assembly/submission.assembly.fasta,, MegelsT81,FD,Assembly,QC_and_Genome_Assembly,submission.assembly.fasta,
  inflating, MegelsYE34_FD/Assembly/QC_and_Genome_Assembly/assembly.fasta,, MegelsYE34,FD,Assembly,QC_and_Genome_Assembly,assembly.fasta,
inflating, MegspCalf982_FD/Assembly/QC_and_Genome_Assembly/submission.assembly.fasta,, MegspCalf982,FD,Assembly,QC_and_Genome_Assembly,submission.assembly.fasta,
  inflating, MetgotDSM11978_FD/Assembly/QC_and_Genome_Assembly/submission.assembly.fasta,, MetgotDSM11978,FD,Assembly,QC_and_Genome_Assembly,submission.assembly.fasta,
  inflating, MetmilDSM16643_FD/Assembly/QC_and_Genome_Assembly/assembly.fasta,, MetmilDSM16643,FD,Assembly,QC_and_Genome_Assembly,assembly.fasta,
  inflating, MetmobDSM1539_FD/Assembly/QC_and_Genome_Assembly/submission.assembly.fasta,, MetmobDSM1539,FD,Assembly,QC_and_Genome_Assembly,submission.assembly.fasta,
  inflating, MetollDSM16632_FD/Assembly/QC_and_Genome_Assembly/assembly.fasta,, MetollDSM16632,FD,Assembly,QC_and_Genome_Assembly,assembly.fasta,
  inflating, MetspDSM11855_FD/Assembly/QC_and_Genome_Assembly/assembly.fasta,, MetspDSM11855,FD,Assembly,QC_and_Genome_Assembly,assembly.fasta,
  inflating, MetwolSH_FD/Assembly/QC_and_Genome_Assembly/submission.assembly.fasta,, MetwolSH,FD,Assembly,QC_and_Genome_Assembly,submission.assembly.fasta,
  inflating, MicbacKH10_FD/Assembly/QC_and_Genome_Assembly/submission.assembly.fasta,, MicbacKH10,FD,Assembly,QC_and_Genome_Assembly,submission.assembly.fasta,
  inflating, MiclutVTM4R57_FD/Assembly/QC_and_Genome_Assembly/submission.assembly.fasta,, MiclutVTM4R57,FD,Assembly,QC_and_Genome_Assembly,submission.assembly.fasta,
  inflating, MitjalDSM13811_FD/Assembly/QC_and_Genome_Assembly/submission.assembly.fasta,, MitjalDSM13811,FD,Assembly,QC_and_Genome_Assembly,submission.assembly.fasta,
  inflating, MormorNLAEzlC84_FD/Assembly/QC_and_Genome_Assembly/submission.assembly.fasta,, MormorNLAEzlC84,FD,Assembly,QC_and_Genome_Assembly,submission.assembly.fasta,
  inflating, OlsspKH2P3_FD/Assembly/QC_and_Genome_Assembly/submission.assembly.fasta,, OlsspKH2P3,FD,Assembly,QC_and_Genome_Assembly,submission.assembly.fasta,
  inflating, OlsspKH3B4_FD/Assembly/QC_and_Genome_Assembly/submission.assembly.fasta,, OlsspKH3B4,FD,Assembly,QC_and_Genome_Assembly,submission.assembly.fasta,
  inflating, OlsumbDSM22619_FD/Assembly/QC_and_Genome_Assembly/submission.assembly.fasta,, OlsumbDSM22619,FD,Assembly,QC_and_Genome_Assembly,submission.assembly.fasta,
  inflating, OlsumbKHGC19_FD/Assembly/QC_and_Genome_Assembly/submission.assembly.fasta,, OlsumbKHGC19,FD,Assembly,QC_and_Genome_Assembly,submission.assembly.fasta,
  inflating, OlsumbWCP15_FD/Assembly/QC_and_Genome_Assembly/submission.assembly.fasta,, OlsumbWCP15,FD,Assembly,QC_and_Genome_Assembly,submission.assembly.fasta,
  inflating, OrispFC2011_FD/Assembly/QC_and_Genome_Assembly/submission.assembly.fasta,, OrispFC2011,FD,Assembly,QC_and_Genome_Assembly,submission.assembly.fasta,
  inflating, OrispKHPX15_FD/Assembly/QC_and_Genome_Assembly/submission.assembly.fasta,, OrispKHPX15,FD,Assembly,QC_and_Genome_Assembly,submission.assembly.fasta,
  inflating, OrispNK2B42_FD/Assembly/QC_and_Genome_Assembly/submission.assembly.fasta,, OrispNK2B42,FD,Assembly,QC_and_Genome_Assembly,submission.assembly.fasta,
  inflating, OrispP6A1_FD/Assembly/QC_and_Genome_Assembly/submission.assembly.fasta,, OrispP6A1,FD,Assembly,QC_and_Genome_Assembly,submission.assembly.fasta,
  inflating, OrispWCC10_FD/Assembly/QC_and_Genome_Assembly/submission.assembly.fasta,, OrispWCC10,FD,Assembly,QC_and_Genome_Assembly,submission.assembly.fasta,
inflating, OscspPC13_FD/Assembly/QC_and_Genome_Assembly/submission.assembly.fasta,, OscspPC13,FD,Assembly,QC_and_Genome_Assembly,submission.assembly.fasta,
  inflating, PepanaC_FD/Assembly/QC_and_Genome_Assembly/assembly.fasta,, PepanaC,FD,Assembly,QC_and_Genome_Assembly,assembly.fasta,
  inflating, PepbacpGA8_FD/Assembly/QC_and_Genome_Assembly/assembly.fasta,, PepbacpGA8,FD,Assembly,QC_and_Genome_Assembly,assembly.fasta,
  inflating, PepbacVA2_FD/Assembly/QC_and_Genome_Assembly/final.assembly.fasta,, PepbacVA2,FD,Assembly,QC_and_Genome_Assembly,final.assembly.fasta,
  inflating, PeprusCalf135_FD/Assembly/QC_and_Genome_Assembly/submission.assembly.fasta,, PeprusCalf135,FD,Assembly,QC_and_Genome_Assembly,submission.assembly.fasta,
  inflating, PepspD1_FD/Assembly/QC_and_Genome_Assembly/assembly.fasta,, PepspD1,FD,Assembly,QC_and_Genome_Assembly,assembly.fasta,
  inflating, PorbacKH3CP3RA_FD/Assembly/QC_and_Genome_Assembly/submission.assembly.fasta,, PorbacKH3CP3RA,FD,Assembly,QC_and_Genome_Assembly,submission.assembly.fasta,
  inflating, PorbacKH3R12_FD/Assembly/QC_and_Genome_Assembly/submission.assembly.fasta,, PorbacKH3R12,FD,Assembly,QC_and_Genome_Assembly,submission.assembly.fasta,
  inflating, PorbacKHP3R9_FD/Assembly/QC_and_Genome_Assembly/submission.assembly.fasta,, PorbacKHP3R9,FD,Assembly,QC_and_Genome_Assembly,submission.assembly.fasta,
  inflating, PorbacNLAEzlC104_FD/Assembly/QC_and_Genome_Assembly/submission.assembly.fasta,, PorbacNLAEzlC104,FD,Assembly,QC_and_Genome_Assembly,submission.assembly.fasta,
  inflating, PrebacHUN156_FD/Assembly/QC_and_Genome_Assembly/assembly.fasta,, PrebacHUN156,FD,Assembly,QC_and_Genome_Assembly,assembly.fasta,
  inflating, PrebacKH2P17_FD/Assembly/QC_and_Genome_Assembly/submission.assembly.fasta,, PrebacKH2P17,FD,Assembly,QC_and_Genome_Assembly,submission.assembly.fasta,
  inflating, PrebacMN60_FD/Assembly/QC_and_Genome_Assembly/submission.assembly.fasta,, PrebacMN60,FD,Assembly,QC_and_Genome_Assembly,submission.assembly.fasta,
  inflating, PrebreP6B11_FD/Assembly/QC_and_Genome_Assembly/submission.assembly.fasta,, PrebreP6B11,FD,Assembly,QC_and_Genome_Assembly,submission.assembly.fasta,
  inflating, PrebryC21a_FD/Assembly/QC_and_Genome_Assembly/submission.assembly.fasta,, PrebryC21a,FD,Assembly,QC_and_Genome_Assembly,submission.assembly.fasta,
  inflating, PrebryFB3001_FD/Assembly/QC_and_Genome_Assembly/submission.assembly.fasta,, PrebryFB3001,FD,Assembly,QC_and_Genome_Assembly,submission.assembly.fasta,
  inflating, PrebryKHPX14_FD/Assembly/QC_and_Genome_Assembly/submission.assembly.fasta,, PrebryKHPX14,FD,Assembly,QC_and_Genome_Assembly,submission.assembly.fasta,
  inflating, PrerumAR32_FD/Assembly/QC_and_Genome_Assembly/submission.assembly.fasta,, PrerumAR32,FD,Assembly,QC_and_Genome_Assembly,submission.assembly.fasta,
  inflating, PrerumBPI162_FD/Assembly/QC_and_Genome_Assembly/submission.assembly.fasta,, PrerumBPI162,FD,Assembly,QC_and_Genome_Assembly,submission.assembly.fasta,
  inflating, PrerumBPI34_FD/Assembly/QC_and_Genome_Assembly/submission.assembly.fasta,, PrerumBPI34,FD,Assembly,QC_and_Genome_Assembly,submission.assembly.fasta,
  inflating, PrerumD31d_FD/Assembly/QC_and_Genome_Assembly/submission.assembly.fasta,, PrerumD31d,FD,Assembly,QC_and_Genome_Assembly,submission.assembly.fasta,
  inflating, PrerumGa6B6_FD/Assembly/QC_and_Genome_Assembly/submission.assembly.fasta,, PrerumGa6B6,FD,Assembly,QC_and_Genome_Assembly,submission.assembly.fasta,
  inflating, PrerumKHT3_FD/Assembly/QC_and_Genome_Assembly/submission.assembly.fasta,, PrerumKHT3,FD,Assembly,QC_and_Genome_Assembly,submission.assembly.fasta,
  inflating, PrespAGR2160_FD/Assembly/QC_and_Genome_Assembly/submission.assembly.fasta,, PrespAGR2160,FD,Assembly,QC_and_Genome_Assembly,submission.assembly.fasta,
  inflating, PrespBP1145_FD/Assembly/QC_and_Genome_Assembly/submission.assembly.fasta,, PrespBP1145,FD,Assembly,QC_and_Genome_Assembly,submission.assembly.fasta,
  inflating, PrespBP1148_FD/Assembly/QC_and_Genome_Assembly/submission.assembly.fasta,, PrespBP1148,FD,Assembly,QC_and_Genome_Assembly,submission.assembly.fasta,
  inflating, PrespFD3004_FD/Assembly/QC_and_Genome_Assembly/submission.assembly.fasta,, PrespFD3004,FD,Assembly,QC_and_Genome_Assembly,submission.assembly.fasta,
  inflating, PrespHUN102_FD/Assembly/QC_and_Genome_Assembly/final.assembly.fasta,, PrespHUN102,FD,Assembly,QC_and_Genome_Assembly,final.assembly.fasta,
  inflating, PrespKH1P2_FD/Assembly/QC_and_Genome_Assembly/submission.assembly.fasta,, PrespKH1P2,FD,Assembly,QC_and_Genome_Assembly,submission.assembly.fasta,
  inflating, PrespKH2C16_FD/Assembly/QC_and_Genome_Assembly/submission.assembly.fasta,, PrespKH2C16,FD,Assembly,QC_and_Genome_Assembly,submission.assembly.fasta,
  inflating, PrespKHP1_FD/Assembly/QC_and_Genome_Assembly/submission.assembly.fasta,, PrespKHP1,FD,Assembly,QC_and_Genome_Assembly,submission.assembly.fasta,
  inflating, PrespKHP7_FD/Assembly/QC_and_Genome_Assembly/submission.assembly.fasta,, PrespKHP7,FD,Assembly,QC_and_Genome_Assembly,submission.assembly.fasta,
  inflating, PrespLC2012_FD/Assembly/QC_and_Genome_Assembly/submission.assembly.fasta,, PrespLC2012,FD,Assembly,QC_and_Genome_Assembly,submission.assembly.fasta,
  inflating, PrespMA2016_FD/Assembly/QC_and_Genome_Assembly/submission.assembly.fasta,, PrespMA2016,FD,Assembly,QC_and_Genome_Assembly,submission.assembly.fasta,
  inflating, PrespNE3005_FD/Assembly/QC_and_Genome_Assembly/submission.assembly.fasta,, PrespNE3005,FD,Assembly,QC_and_Genome_Assembly,submission.assembly.fasta,
  inflating, PrespP6B1_FD/Assembly/QC_and_Genome_Assembly/submission.assembly.fasta,, PrespP6B1,FD,Assembly,QC_and_Genome_Assembly,submission.assembly.fasta,
  inflating, PrespP6B4_FD/Assembly/QC_and_Genome_Assembly/submission.assembly.fasta,, PrespP6B4,FD,Assembly,QC_and_Genome_Assembly,submission.assembly.fasta,
  inflating, PrespTC224_FD/Assembly/QC_and_Genome_Assembly/submission.assembly.fasta,, PrespTC224,FD,Assembly,QC_and_Genome_Assembly,submission.assembly.fasta,
  inflating, PrespTC228_FD/Assembly/QC_and_Genome_Assembly/submission.assembly.fasta,, PrespTC228,FD,Assembly,QC_and_Genome_Assembly,submission.assembly.fasta,
  inflating, PrespTF25_FD/Assembly/QC_and_Genome_Assembly/submission.assembly.fasta,, PrespTF25,FD,Assembly,QC_and_Genome_Assembly,submission.assembly.fasta,
  inflating, PrevotellaspRM4_FD/Assembly/QC_and_Genome_Assembly/submission.assembly.fasta,, PrevotellaspRM4,FD,Assembly,QC_and_Genome_Assembly,submission.assembly.fasta,
  inflating, ProacnNLAEzlG260_FD/Assembly/QC_and_Genome_Assembly/submission.assembly.fasta,, ProacnNLAEzlG260,FD,Assembly,QC_and_Genome_Assembly,submission.assembly.fasta,
  inflating, ProbacP6A17_FD/Assembly/QC_and_Genome_Assembly/submission.assembly.fasta,, ProbacP6A17,FD,Assembly,QC_and_Genome_Assembly,submission.assembly.fasta,
  inflating, PromirNLAEzlC285_FD/Assembly/QC_and_Genome_Assembly/submission.assembly.fasta,, PromirNLAEzlC285,FD,Assembly,QC_and_Genome_Assembly,submission.assembly.fasta,
  inflating, PromirNLAEzlG534_FD/Assembly/QC_and_Genome_Assembly/submission.assembly.fasta,, PromirNLAEzlG534,FD,Assembly,QC_and_Genome_Assembly,submission.assembly.fasta,
  inflating, ProrumDSM24773_FD/Assembly/QC_and_Genome_Assembly/submission.assembly.fasta,, ProrumDSM24773,FD,Assembly,QC_and_Genome_Assembly,submission.assembly.fasta,
  inflating, ProspMB3007_FD/Assembly/QC_and_Genome_Assembly/submission.assembly.fasta,, ProspMB3007,FD,Assembly,QC_and_Genome_Assembly,submission.assembly.fasta,
  inflating, PserumACV9_FD/Assembly/QC_and_Genome_Assembly/assembly.fasta,, PserumACV9,FD,Assembly,QC_and_Genome_Assembly,assembly.fasta,
  inflating, PserumAD2017_FD/Assembly/QC_and_Genome_Assembly/submission.assembly.fasta,, PserumAD2017,FD,Assembly,QC_and_Genome_Assembly,submission.assembly.fasta,
  inflating, PserumCF1b_FD/Assembly/QC_and_Genome_Assembly/submission.assembly.fasta,, PserumCF1b,FD,Assembly,QC_and_Genome_Assembly,submission.assembly.fasta,
  inflating, PserumDSM9787_FD/Assembly/QC_and_Genome_Assembly/assembly.fasta,, PserumDSM9787,FD,Assembly,QC_and_Genome_Assembly,assembly.fasta,
  inflating, PserumHUN009_FD/Assembly/QC_and_Genome_Assembly/final.assembly.fasta,, PserumHUN009,FD,Assembly,QC_and_Genome_Assembly,final.assembly.fasta,
  inflating, Psesp49_FD/Assembly/QC_and_Genome_Assembly/submission.assembly.fasta,, Psesp49,FD,Assembly,QC_and_Genome_Assembly,submission.assembly.fasta,
  inflating, PsespACV2_FD/Assembly/QC_and_Genome_Assembly/assembly.fasta,, PsespACV2,FD,Assembly,QC_and_Genome_Assembly,assembly.fasta,
  inflating, PsespAR14_FD/Assembly/QC_and_Genome_Assembly/assembly.fasta,, PsespAR14,FD,Assembly,QC_and_Genome_Assembly,assembly.fasta,
  inflating, PsespC4_FD/Assembly/QC_and_Genome_Assembly/assembly.fasta,, PsespC4,FD,Assembly,QC_and_Genome_Assembly,assembly.fasta,
  inflating, PsespJW11_FD/Assembly/QC_and_Genome_Assembly/submission.assembly.fasta,, PsespJW11,FD,Assembly,QC_and_Genome_Assembly,submission.assembly.fasta,
  inflating, PsespLB2011_FD/Assembly/QC_and_Genome_Assembly/submission.assembly.fasta,, PsespLB2011,FD,Assembly,QC_and_Genome_Assembly,submission.assembly.fasta,
  inflating, PsespMD2005_FD/Assembly/QC_and_Genome_Assembly/submission.assembly.fasta,, PsespMD2005,FD,Assembly,QC_and_Genome_Assembly,submission.assembly.fasta,
  inflating, PsespNOR37_FD/Assembly/QC_and_Genome_Assembly/submission.assembly.fasta,, PsespNOR37,FD,Assembly,QC_and_Genome_Assembly,submission.assembly.fasta,
  inflating, PsespOR37_FD/Assembly/QC_and_Genome_Assembly/submission.assembly.fasta,, PsespOR37,FD,Assembly,QC_and_Genome_Assembly,submission.assembly.fasta,
  inflating, PsespUC1225_FD/Assembly/QC_and_Genome_Assembly/submission.assembly.fasta,, PsespUC1225,FD,Assembly,QC_and_Genome_Assembly,submission.assembly.fasta,
  inflating, PsespYE44_FD/Assembly/QC_and_Genome_Assembly/assembly.fasta,, PsespYE44,FD,Assembly,QC_and_Genome_Assembly,assembly.fasta,
  inflating, PsexylDSM10317_FD/Assembly/QC_and_Genome_Assembly/assembly.fasta,, PsexylDSM10317,FD,Assembly,QC_and_Genome_Assembly,assembly.fasta,
 inflating, RuabacKH17_FD/Assembly/QC_and_Genome_Assembly/submission.assembly.fasta,, RuabacKH17,FD,Assembly,QC_and_Genome_Assembly,submission.assembly.fasta,
  inflating, RumalbAR67_FD/Assembly/QC_and_Genome_Assembly/assembly.fasta,, RumalbAR67,FD,Assembly,QC_and_Genome_Assembly,assembly.fasta,
  inflating, RumalbKH2T6_FD/Assembly/QC_and_Genome_Assembly/submission.assembly.fasta,, RumalbKH2T6,FD,Assembly,QC_and_Genome_Assembly,submission.assembly.fasta,
  inflating, RumamyDSM1361_FD/Assembly/QC_and_Genome_Assembly/assembly.fasta,, RumamyDSM1361,FD,Assembly,QC_and_Genome_Assembly,assembly.fasta,
  inflating, RumamyRM87_FD/Assembly/QC_and_Genome_Assembly/submission.assembly.fasta,, RumamyRM87,FD,Assembly,QC_and_Genome_Assembly,submission.assembly.fasta,
  inflating, RumbacAB4001_FD/Assembly/QC_and_Genome_Assembly/submission.assembly.fasta,, RumbacAB4001,FD,Assembly,QC_and_Genome_Assembly,submission.assembly.fasta,
  inflating, RumbacAE2021_FD/Assembly/QC_and_Genome_Assembly/final.assembly.fasta,, RumbacAE2021,FD,Assembly,QC_and_Genome_Assembly,final.assembly.fasta,
  inflating, RumbacD5_FD/Assembly/QC_and_Genome_Assembly/assembly.fasta,, RumbacD5,FD,Assembly,QC_and_Genome_Assembly,assembly.fasta,
  inflating, RumbacFB2012_FD/Assembly/QC_and_Genome_Assembly/assembly.fasta,, RumbacFB2012,FD,Assembly,QC_and_Genome_Assembly,assembly.fasta,
  inflating, RumbacKH2T8_FD/Assembly/QC_and_Genome_Assembly/submission.assembly.fasta,, RumbacKH2T8,FD,Assembly,QC_and_Genome_Assembly,submission.assembly.fasta,
  inflating, RumbacKHP2_FD/Assembly/QC_and_Genome_Assembly/submission.assembly.fasta,, RumbacKHP2,FD,Assembly,QC_and_Genome_Assembly,submission.assembly.fasta,
  inflating, RumbacP7_FD/Assembly/QC_and_Genome_Assembly/assembly.fasta,, RumbacP7,FD,Assembly,QC_and_Genome_Assembly,assembly.fasta,
  inflating, RumbacR25_FD/Assembly/QC_and_Genome_Assembly/submission.assembly.fasta,, RumbacR25,FD,Assembly,QC_and_Genome_Assembly,submission.assembly.fasta,
  inflating, RumbacYAD3003_FD/Assembly/QC_and_Genome_Assembly/assembly.fasta,, RumbacYAD3003,FD,Assembly,QC_and_Genome_Assembly,assembly.fasta,
  inflating, RumbacYRB3002_FD/Assembly/QC_and_Genome_Assembly/assembly.fasta,, RumbacYRB3002,FD,Assembly,QC_and_Genome_Assembly,assembly.fasta,
  inflating, RumbroYE282_FD/Assembly/QC_and_Genome_Assembly/assembly.fasta,, RumbroYE282,FD,Assembly,QC_and_Genome_Assembly,assembly.fasta,
  inflating, RumflaMA2007_FD/Assembly/QC_and_Genome_Assembly/submission.assembly.fasta,, RumflaMA2007,FD,Assembly,QC_and_Genome_Assembly,submission.assembly.fasta,
  inflating, RumflaMC2020_FD/Assembly/QC_and_Genome_Assembly/submission.assembly.fasta,, RumflaMC2020,FD,Assembly,QC_and_Genome_Assembly,submission.assembly.fasta,
  inflating, RumflaND2009_FD/Assembly/QC_and_Genome_Assembly/submission.assembly.fasta,, RumflaND2009,FD,Assembly,QC_and_Genome_Assembly,submission.assembly.fasta,
  inflating, RumflaSAb67_FD/Assembly/QC_and_Genome_Assembly/assembly.fasta,, RumflaSAb67,FD,Assembly,QC_and_Genome_Assembly,assembly.fasta,
  inflating, RumflaXPD3002_FD/Assembly/QC_and_Genome_Assembly/submission.assembly.fasta,, RumflaXPD3002,FD,Assembly,QC_and_Genome_Assembly,submission.assembly.fasta,
  inflating, RumflaY1_FD/Assembly/QC_and_Genome_Assembly/submission.assembly.fasta,, RumflaY1,FD,Assembly,QC_and_Genome_Assembly,submission.assembly.fasta,
  inflating, RumflaYAD2003_FD/Assembly/QC_and_Genome_Assembly/assembly.fasta,, RumflaYAD2003,FD,Assembly,QC_and_Genome_Assembly,assembly.fasta,
  inflating, RumflaYL228_FD/Assembly/QC_and_Genome_Assembly/assembly.fasta,, RumflaYL228,FD,Assembly,QC_and_Genome_Assembly,assembly.fasta,
  inflating, RumflaYRD2003_FD/Assembly/QC_and_Genome_Assembly/assembly.fasta,, RumflaYRD2003,FD,Assembly,QC_and_Genome_Assembly,assembly.fasta,
  inflating," RumMetMCoCulture_FD/Assembly/QC_and_Genome_Assembly/Rumen_Methanol_Enrichment_MEC1_Co-Culture,_ASSEMBLY_DATE=20160201/1091682.scaffolds.fasta",, RumMetMCoCulture,FD,Assembly,QC_and_Genome_Assembly,"Rumen_Methanol_Enrichment_MEC1_Co-Culture,_ASSEMBLY_DATE=20160201",1091682.scaffolds.fasta
inflating," RumMetMCoCulture_FD/Assembly/QC_and_Genome_Assembly/IMG_reassembly,_ASSEMBLY_DATE=20180321/final.contigs.fasta",, RumMetMCoCulture,FD,Assembly,QC_and_Genome_Assembly,"IMG_reassembly,_ASSEMBLY_DATE=20180321",final.contigs.fasta
  inflating, RumphaphiRa02_FD/Assembly/QC_and_Genome_Assembly/submission.assembly.fasta,, RumphaphiRa02,FD,Assembly,QC_and_Genome_Assembly,submission.assembly.fasta,
  inflating, RumphaphiRa04_FD/Assembly/QC_and_Genome_Assembly/assembly.fasta,, RumphaphiRa04,FD,Assembly,QC_and_Genome_Assembly,assembly.fasta,
  inflating, RumphaphiRa05_FD/Assembly/QC_and_Genome_Assembly/submission.assembly.fasta,, RumphaphiRa05,FD,Assembly,QC_and_Genome_Assembly,submission.assembly.fasta,
  inflating, RumspFC2018_FD/Assembly/QC_and_Genome_Assembly/submission.assembly.fasta,, RumspFC2018,FD,Assembly,QC_and_Genome_Assembly,submission.assembly.fasta,
  inflating, RumspHUN007_FD/Assembly/QC_and_Genome_Assembly/finalContigs.fasta,, RumspHUN007,FD,Assembly,QC_and_Genome_Assembly,finalContigs.fasta,
  inflating, RumspNK3A76_FD/Assembly/QC_and_Genome_Assembly/final.assembly.fasta,, RumspNK3A76,FD,Assembly,QC_and_Genome_Assembly,final.assembly.fasta,
  inflating, RumspYE71_FD/Assembly/QC_and_Genome_Assembly/assembly.fasta,, RumspYE71,FD,Assembly,QC_and_Genome_Assembly,assembly.fasta,
  inflating, RumspYE78_FD/Assembly/QC_and_Genome_Assembly/assembly.fasta,, RumspYE78,FD,Assembly,QC_and_Genome_Assembly,assembly.fasta,
  inflating, SarspDSM11001_FD/Assembly/QC_and_Genome_Assembly/submission.assembly.fasta,, SarspDSM11001,FD,Assembly,QC_and_Genome_Assembly,submission.assembly.fasta,
  inflating, Selbov8141_FD/Assembly/QC_and_Genome_Assembly/submission.assembly.fasta,, Selbov8141,FD,Assembly,QC_and_Genome_Assembly,submission.assembly.fasta,
  inflating, SelrumAB3002_FD/Assembly/QC_and_Genome_Assembly/final.assembly.fasta,, SelrumAB3002,FD,Assembly,QC_and_Genome_Assembly,final.assembly.fasta,
  inflating, SelrumAC2024_FD/Assembly/QC_and_Genome_Assembly/final.assembly.fasta,, SelrumAC2024,FD,Assembly,QC_and_Genome_Assembly,final.assembly.fasta,
  inflating, SelrumATCC12561_FD/Assembly/QC_and_Genome_Assembly/submission.assembly.fasta,, SelrumATCC12561,FD,Assembly,QC_and_Genome_Assembly,submission.assembly.fasta,
  inflating, SelrumC3_FD/Assembly/QC_and_Genome_Assembly/assembly.fasta,, SelrumC3,FD,Assembly,QC_and_Genome_Assembly,assembly.fasta,
inflating, SelrumGACV9_FD/Assembly/QC_and_Genome_Assembly/assembly.fasta,, SelrumGACV9,FD,Assembly,QC_and_Genome_Assembly,assembly.fasta,
  inflating, SelrumHD4_FD/Assembly/QC_and_Genome_Assembly/submission.assembly.fasta,, SelrumHD4,FD,Assembly,QC_and_Genome_Assembly,submission.assembly.fasta,
  inflating, SelrumKH1T6_FD/Assembly/QC_and_Genome_Assembly/submission.assembly.fasta,, SelrumKH1T6,FD,Assembly,QC_and_Genome_Assembly,submission.assembly.fasta,
  inflating, SelrumL14_FD/Assembly/QC_and_Genome_Assembly/submission.assembly.fasta,, SelrumL14,FD,Assembly,QC_and_Genome_Assembly,submission.assembly.fasta,
  inflating, SelrumlacDSM2872_FD/Assembly/QC_and_Genome_Assembly/assembly.fasta,, SelrumlacDSM2872,FD,Assembly,QC_and_Genome_Assembly,assembly.fasta,
  inflating, SelrumS137_FD/Assembly/QC_and_Genome_Assembly/submission.assembly.fasta,, SelrumS137,FD,Assembly,QC_and_Genome_Assembly,submission.assembly.fasta,
  inflating, SelrumWCT3_FD/Assembly/QC_and_Genome_Assembly/submission.assembly.fasta,, SelrumWCT3,FD,Assembly,QC_and_Genome_Assembly,submission.assembly.fasta,
  inflating, SelrumZ108_FD/Assembly/QC_and_Genome_Assembly/submission.assembly.fasta,, SelrumZ108,FD,Assembly,QC_and_Genome_Assembly,submission.assembly.fasta,
  inflating, SelspAE3005_FD/Assembly/QC_and_Genome_Assembly/submission.assembly.fasta,, SelspAE3005,FD,Assembly,QC_and_Genome_Assembly,submission.assembly.fasta,
  inflating, SelspFC4001_FD/Assembly/QC_and_Genome_Assembly/submission.assembly.fasta,, SelspFC4001,FD,Assembly,QC_and_Genome_Assembly,submission.assembly.fasta,
  inflating, SelspND2010_FD/Assembly/QC_and_Genome_Assembly/submission.assembly.fasta,, SelspND2010,FD,Assembly,QC_and_Genome_Assembly,submission.assembly.fasta,
  inflating, ShaazaDSM18934_FD/Assembly/QC_and_Genome_Assembly/submission.assembly.fasta,, ShaazaDSM18934,FD,Assembly,QC_and_Genome_Assembly,submission.assembly.fasta,
  inflating, ShaazaDSM20406_FD/Assembly/QC_and_Genome_Assembly/submission.assembly.fasta,, ShaazaDSM20406,FD,Assembly,QC_and_Genome_Assembly,submission.assembly.fasta,
  inflating, ShaazaKH1P5_FD/Assembly/QC_and_Genome_Assembly/submission.assembly.fasta,, ShaazaKH1P5,FD,Assembly,QC_and_Genome_Assembly,submission.assembly.fasta,
  inflating, ShaazaKH2P10_FD/Assembly/QC_and_Genome_Assembly/submission.assembly.fasta,, ShaazaKH2P10,FD,Assembly,QC_and_Genome_Assembly,submission.assembly.fasta,
  inflating, ShisonNLAEzlG496_FD/Assembly/QC_and_Genome_Assembly/submission.assembly.fasta,, ShisonNLAEzlG496,FD,Assembly,QC_and_Genome_Assembly,submission.assembly.fasta,
  inflating, StaepiAG42_FD/Assembly/QC_and_Genome_Assembly/final.assembly.fasta,, StaepiAG42,FD,Assembly,QC_and_Genome_Assembly,final.assembly.fasta,
  inflating, StaepiNLAEzlG239_FD/Assembly/QC_and_Genome_Assembly/submission.assembly.fasta,, StaepiNLAEzlG239,FD,Assembly,QC_and_Genome_Assembly,submission.assembly.fasta,
  inflating, Strbov2B_FD/Assembly/QC_and_Genome_Assembly/submission.assembly.fasta,, Strbov2B,FD,Assembly,QC_and_Genome_Assembly,submission.assembly.fasta,
  inflating, StrbovAG46_FD/Assembly/QC_and_Genome_Assembly/final.assembly.fasta,, StrbovAG46,FD,Assembly,QC_and_Genome_Assembly,final.assembly.fasta,
  inflating, StrbovB315_FD/Assembly/QC_and_Genome_Assembly/submission.assembly.fasta,, StrbovB315,FD,Assembly,QC_and_Genome_Assembly,submission.assembly.fasta,
  inflating, StrbovC277_FD/Assembly/QC_and_Genome_Assembly/submission.assembly.fasta,, StrbovC277,FD,Assembly,QC_and_Genome_Assembly,submission.assembly.fasta,
  inflating, StrbovES1_FD/Assembly/QC_and_Genome_Assembly/submission.assembly.fasta,, StrbovES1,FD,Assembly,QC_and_Genome_Assembly,submission.assembly.fasta,
  inflating, StrbovJB1_FD/Assembly/QC_and_Genome_Assembly/assembly.fasta,, StrbovJB1,FD,Assembly,QC_and_Genome_Assembly,assembly.fasta,
  inflating, StrbovSN033_FD/Assembly/QC_and_Genome_Assembly/submission.assembly.fasta,, StrbovSN033,FD,Assembly,QC_and_Genome_Assembly,submission.assembly.fasta,
  inflating, StrequAR3_FD/Assembly/QC_and_Genome_Assembly/submission.assembly.fasta,, StrequAR3,FD,Assembly,QC_and_Genome_Assembly,submission.assembly.fasta,
  inflating, StrequGA1_FD/Assembly/QC_and_Genome_Assembly/assembly.fasta,, StrequGA1,FD,Assembly,QC_and_Genome_Assembly,assembly.fasta,
  inflating, StrequH24_FD/Assembly/QC_and_Genome_Assembly/submission.assembly.fasta,, StrequH24,FD,Assembly,QC_and_Genome_Assembly,submission.assembly.fasta,
  inflating, StrequMPR1_FD/Assembly/QC_and_Genome_Assembly/submission.assembly.fasta,, StrequMPR1,FD,Assembly,QC_and_Genome_Assembly,submission.assembly.fasta,
  inflating, StrequMPR2_FD/Assembly/QC_and_Genome_Assembly/submission.assembly.fasta,, StrequMPR2,FD,Assembly,QC_and_Genome_Assembly,submission.assembly.fasta,
  inflating, StrequMPR4_FD/Assembly/QC_and_Genome_Assembly/submission.assembly.fasta,, StrequMPR4,FD,Assembly,QC_and_Genome_Assembly,submission.assembly.fasta,
  inflating, StrequpGA7_FD/Assembly/QC_and_Genome_Assembly/submission.assembly.fasta,, StrequpGA7,FD,Assembly,QC_and_Genome_Assembly,submission.assembly.fasta,
  inflating, StrequpR5_FD/Assembly/QC_and_Genome_Assembly/submission.assembly.fasta,, StrequpR5,FD,Assembly,QC_and_Genome_Assembly,submission.assembly.fasta,
  inflating, StrequSb04_FD/Assembly/QC_and_Genome_Assembly/submission.assembly.fasta,, StrequSb04,FD,Assembly,QC_and_Genome_Assembly,submission.assembly.fasta,
  inflating, StrequSb05_FD/Assembly/QC_and_Genome_Assembly/submission.assembly.fasta,, StrequSb05,FD,Assembly,QC_and_Genome_Assembly,submission.assembly.fasta,
  inflating, StrequSb09_FD/Assembly/QC_and_Genome_Assembly/submission.assembly.fasta,, StrequSb09,FD,Assembly,QC_and_Genome_Assembly,submission.assembly.fasta,
  inflating, StrequSb10_FD/Assembly/QC_and_Genome_Assembly/submission.assembly.fasta,, StrequSb10,FD,Assembly,QC_and_Genome_Assembly,submission.assembly.fasta,
  inflating, StrequSb13_FD/Assembly/QC_and_Genome_Assembly/submission.assembly.fasta,, StrequSb13,FD,Assembly,QC_and_Genome_Assembly,submission.assembly.fasta,
  inflating, StrequSb17_FD/Assembly/QC_and_Genome_Assembly/submission.assembly.fasta,, StrequSb17,FD,Assembly,QC_and_Genome_Assembly,submission.assembly.fasta,
  inflating, StrequSb18_FD/Assembly/QC_and_Genome_Assembly/submission.assembly.fasta,, StrequSb18,FD,Assembly,QC_and_Genome_Assembly,submission.assembly.fasta,
  inflating, StrequSb20_FD/Assembly/QC_and_Genome_Assembly/submission.assembly.fasta,, StrequSb20,FD,Assembly,QC_and_Genome_Assembly,submission.assembly.fasta,
  inflating, StrequSI_FD/Assembly/QC_and_Genome_Assembly/submission.assembly.fasta,, StrequSI,FD,Assembly,QC_and_Genome_Assembly,submission.assembly.fasta,
  inflating, StrequYe01_FD/Assembly/QC_and_Genome_Assembly/submission.assembly.fasta,, StrequYe01,FD,Assembly,QC_and_Genome_Assembly,submission.assembly.fasta,
  inflating, StrgalLMG15572_FD/Assembly/QC_and_Genome_Assembly/submission.assembly.fasta,, StrgalLMG15572,FD,Assembly,QC_and_Genome_Assembly,submission.assembly.fasta,
  inflating, StrgalVTM1R27_FD/Assembly/QC_and_Genome_Assembly/assembly.fasta,, StrgalVTM1R27,FD,Assembly,QC_and_Genome_Assembly,assembly.fasta,
  inflating, StrgalVTM1R29_FD/Assembly/QC_and_Genome_Assembly/submission.assembly.fasta,, StrgalVTM1R29,FD,Assembly,QC_and_Genome_Assembly,submission.assembly.fasta,
  inflating, StrgalVTM2R47_FD/Assembly/QC_and_Genome_Assembly/submission.assembly.fasta,, StrgalVTM2R47,FD,Assembly,QC_and_Genome_Assembly,submission.assembly.fasta,
  inflating, StrgalVTM3R24_FD/Assembly/QC_and_Genome_Assembly/submission.assembly.fasta,, StrgalVTM3R24,FD,Assembly,QC_and_Genome_Assembly,submission.assembly.fasta,
 inflating, StrgalVTM3R42_FD/Assembly/QC_and_Genome_Assembly/submission.assembly.fasta,, StrgalVTM3R42,FD,Assembly,QC_and_Genome_Assembly,submission.assembly.fasta,
  inflating, StrhenA4_FD/Assembly/QC_and_Genome_Assembly/assembly.fasta,, StrhenA4,FD,Assembly,QC_and_Genome_Assembly,assembly.fasta,
  inflating, StrphaphiH24_FD/Assembly/QC_and_Genome_Assembly/submission.assembly.fasta,, StrphaphiH24,FD,Assembly,QC_and_Genome_Assembly,submission.assembly.fasta,
  inflating, StrphaphiSb01_FD/Assembly/QC_and_Genome_Assembly/assembly.fasta,, StrphaphiSb01,FD,Assembly,QC_and_Genome_Assembly,assembly.fasta,
  inflating, Strsp45_FD/Assembly/QC_and_Genome_Assembly/submission.assembly.fasta,, Strsp45,FD,Assembly,QC_and_Genome_Assembly,submission.assembly.fasta,
  inflating, StrspNLAEzlC503_FD/Assembly/QC_and_Genome_Assembly/submission.assembly.fasta,, StrspNLAEzlC503,FD,Assembly,QC_and_Genome_Assembly,submission.assembly.fasta,
  inflating, Sucdex22B_FD/Assembly/QC_and_Genome_Assembly/submission.assembly.fasta,, Sucdex22B,FD,Assembly,QC_and_Genome_Assembly,submission.assembly.fasta,
  inflating, SucdexACV10_FD/Assembly/QC_and_Genome_Assembly/assembly.fasta,, SucdexACV10,FD,Assembly,QC_and_Genome_Assembly,assembly.fasta,
  inflating, SucdexH5_FD/Assembly/QC_and_Genome_Assembly/submission.assembly.fasta,, SucdexH5,FD,Assembly,QC_and_Genome_Assembly,submission.assembly.fasta,
  inflating, SucrumDSM11005_FD/Assembly/QC_and_Genome_Assembly/submission.assembly.fasta,, SucrumDSM11005,FD,Assembly,QC_and_Genome_Assembly,submission.assembly.fasta,
  inflating, SucrumDSM9236_FD/Assembly/QC_and_Genome_Assembly/submission.assembly.fasta,, SucrumDSM9236,FD,Assembly,QC_and_Genome_Assembly,submission.assembly.fasta,
  inflating, TrebryB25_FD/Assembly/QC_and_Genome_Assembly/submission.assembly.fasta,, TrebryB25,FD,Assembly,QC_and_Genome_Assembly,submission.assembly.fasta,
  inflating, TrebryNK4A124_FD/Assembly/QC_and_Genome_Assembly/submission.assembly.fasta,, TrebryNK4A124,FD,Assembly,QC_and_Genome_Assembly,submission.assembly.fasta,
  inflating, TrebryXBD1002_FD/Assembly/QC_and_Genome_Assembly/submission.assembly.fasta,, TrebryXBD1002,FD,Assembly,QC_and_Genome_Assembly,submission.assembly.fasta,
  inflating, TreponemaspC6A8_FD/Assembly/QC_and_Genome_Assembly/submission.assembly.fasta,, TreponemaspC6A8,FD,Assembly,QC_and_Genome_Assembly,submission.assembly.fasta,